id,pr_gcp_base_peptide,pr_gcp_BI_number,pr_gcp_histone_mark,pr_gcp_modified_peptide_code,pr_gene_id,pr_gene_symbol,pr_uniprot_id,pr_probe_normalization_group,pr_probe_suitability_manual
BI10003,TKQTAR,BI10003,H3K4me0,T[+56]K[+56]QTAR,8350,HIST1H3A,P68431,1,TRUE
BI10004,TKQTAR,BI10004,H3K4me1,T[+56]K[+70]QTAR,8350,HIST1H3A,P68431,1,TRUE
BI10005,TKQTAR,BI10005,H3K4me2,T[+56]K[+28]QTAR,8350,HIST1H3A,P68431,1,TRUE
BI10006,TKQTAR,BI10006,H3K4me3,T[+56]K[+42]QTAR,8350,HIST1H3A,P68431,1,TRUE
BI10007,TKQTAR,BI10007,H3K4ac1,T[+56]K[+42]QTAR,8350,HIST1H3A,P68431,1,TRUE
BI10008,KSTGGKAPR,BI10008,H3K9me0K14ac0,K[+112.1]STGGK[+56]APR,8350,HIST1H3A,P68431,1,TRUE
BI10009,KSTGGKAPR,BI10009,H3K9me1K14ac0,K[+126.1]STGGK[+56]APR,8350,HIST1H3A,P68431,1,TRUE
BI10010,KSTGGKAPR,BI10010,H3K9me2K14ac0,K[+84.1]STGGK[+56]APR,8350,HIST1H3A,P68431,1,TRUE
BI10011,KSTGGKAPR,BI10011,H3K9me3K14ac0,K[+98.1]STGGK[+56]APR,8350,HIST1H3A,P68431,1,TRUE
BI10012,KSTGGKAPR,BI10012,H3K9ac1K14ac0,K[+98]STGGK[+56]APR,8350,HIST1H3A,P68431,1,TRUE
BI10013,KSTGGKAPR,BI10013,H3K9me0K14ac1,K[+112.1]STGGK[+42]APR,8350,HIST1H3A,P68431,1,TRUE
BI10014,KSTGGKAPR,BI10014,H3K9me1K14ac1,K[+126.1]STGGK[+42]APR,8350,HIST1H3A,P68431,1,TRUE
BI10015,KSTGGKAPR,BI10015,H3K9me2K14ac1,K[+84.1]STGGK[+42]APR,8350,HIST1H3A,P68431,1,TRUE
BI10016,KSTGGKAPR,BI10016,H3K9me3K14ac1,K[+98.1]STGGK[+42]APR,8350,HIST1H3A,P68431,1,TRUE
BI10017,KSTGGKAPR,BI10017,H3K9ac1K14ac1,K[+98]STGGK[+42]APR,8350,HIST1H3A,P68431,1,TRUE
BI10018,KSTGGKAPR,BI10018,H3K9me0S10ph1K14ac0,K[+112.1]S[+80]TGGK[+56]APR,8350,HIST1H3A,P68431,1,TRUE
BI10019,KSTGGKAPR,BI10019,H3K9me1S10ph1K14ac0,K[+126.1]S[+80]TGGK[+56]APR,8350,HIST1H3A,P68431,1,TRUE
BI10020,KSTGGKAPR,BI10020,H3K9me2S10ph1K14ac0,K[+84.1]S[+80]TGGK[+56]APR,8350,HIST1H3A,P68431,1,TRUE
BI10021,KSTGGKAPR,BI10021,H3K9me3S10ph1K14ac0,K[+98.1]S[+80]TGGK[+56]APR,8350,HIST1H3A,P68431,1,TRUE
BI10022,KSTGGKAPR,BI10022,H3K9ac1S10ph1K14ac0,K[+98]S[+80]TGGK[+56]APR,8350,HIST1H3A,P68431,1,TRUE
BI10023,KSTGGKAPR,BI10023,H3K9me0S10ph1K14ac1,K[+112.1]S[+80]TGGK[+42]APR,8350,HIST1H3A,P68431,1,TRUE
BI10023,KSTGGKAPR,BI10023,H3K9me0S10ph1K14ac1,K[+112.1]S[+80]TGGK[+42]APR,8350,HIST1H3A,P68431,NA,NA
BI10024,KSTGGKAPR,BI10024,H3K9me1S10ph1K14ac1,K[+126.1]S[+80]TGGK[+42]APR,8350,HIST1H3A,P68431,1,TRUE
BI10024,KSTGGKAPR,BI10024,H3K9me1S10ph1K14ac1,K[+126.1]S[+80]TGGK[+42]APR,8350,HIST1H3A,P68431,NA,NA
BI10025,KSTGGKAPR,BI10025,H3K9me2S10ph1K14ac1,K[+84.1]S[+80]TGGK[+42]APR,8350,HIST1H3A,P68431,1,TRUE
BI10026,KSTGGKAPR,BI10026,H3K9me3S10ph1K14ac1,K[+98.1]S[+80]TGGK[+42]APR,8350,HIST1H3A,P68431,1,TRUE
BI10026,KSTGGKAPR,BI10026,H3K9me3S10ph1K14ac1,K[+98.1]S[+80]TGGK[+42]APR,8350,HIST1H3A,P68431,NA,NA
BI10027,KSTGGKAPR,BI10027,H3K9ac1S10ph1K14ac1,K[+98]S[+80]TGGK[+42]APR,8350,HIST1H3A,P68431,1,TRUE
BI10027,KSTGGKAPR,BI10027,H3K9ac1S10ph1K14ac1,K[+98]S[+80]TGGK[+42]APR,8350,HIST1H3A,P68431,NA,NA
BI10028,KQLATKAAR,BI10028,H3K18ac0K23ac0,K[+112.1]QLATK[+56]AAR,8350,HIST1H3A,P68431,1,TRUE
BI10029,KQLATKAAR,BI10029,H3K18ac1K23ac0,K[+98]QLATK[+56]AAR,8350,HIST1H3A,P68431,1,TRUE
BI10030,KQLATKAAR,BI10030,H3K18ac0K23ac1,K[+112.1]QLATK[+42]AAR,8350,HIST1H3A,P68431,1,TRUE
BI10031,KQLATKAAR,BI10031,H3K18ac1K23ac1,K[+98]QLATK[+42]AAR,8350,HIST1H3A,P68431,1,TRUE
BI10032,KQLATKAAR,BI10032,H3K18ub1K23ac0,K[+226.1]QLATK[+56]AAR,8350,HIST1H3A,P68431,1,TRUE
BI10032,KQLATKAAR,BI10032,H3K18ub1K23ac0,K[+226.1]QLATK[+56]AAR,8350,HIST1H3A,P68431,NA,NA
BI10033,KQLATKAAR,BI10033,H3K18ac0K23ub1,K[+112.1]QLATK[+170.1]AAR,8350,HIST1H3A,P68431,1,TRUE
BI10033,KQLATKAAR,BI10033,H3K18ac0K23ub1,K[+112.1]QLATK[+170.1]AAR,8350,HIST1H3A,P68431,NA,NA
BI10034,KSAPATGGVKKPHR,BI10034,H3K27me0K36me0,K[+112.1]SAPATGGVK[+56]K[+56]PHR,8350,HIST1H3A,P68431,1,TRUE
BI10035,KSAPATGGVKKPHR,BI10035,H3K27me1K36me0,K[+126.1]SAPATGGVK[+56]K[+56]PHR,8350,HIST1H3A,P68431,1,TRUE
BI10036,KSAPATGGVKKPHR,BI10036,H3K27me1K36me1,K[+126.1]SAPATGGVK[+70]K[+56]PHR,8350,HIST1H3A,P68431,1,TRUE
BI10037,KSAPATGGVKKPHR,BI10037,H3K27me1K36me2,K[+126.1]SAPATGGVK[+28]K[+56]PHR,8350,HIST1H3A,P68431,1,TRUE
BI10038,KSAPATGGVKKPHR,BI10038,H3K27me1K36me3,K[+126.1]SAPATGGVK[+42]K[+56]PHR,8350,HIST1H3A,P68431,1,TRUE
BI10039,KSAPATGGVKKPHR,BI10039,H3K27me2K36me0,K[+84.1]SAPATGGVK[+56]K[+56]PHR,8350,HIST1H3A,P68431,1,TRUE
BI10040,KSAPATGGVKKPHR,BI10040,H3K27me2K36me1,K[+84.1]SAPATGGVK[+70]K[+56]PHR,8350,HIST1H3A,P68431,1,TRUE
BI10041,KSAPATGGVKKPHR,BI10041,H3K27me2K36me2,K[+84.1]SAPATGGVK[+28]K[+56]PHR,8350,HIST1H3A,P68431,1,TRUE
BI10042,KSAPATGGVKKPHR,BI10042,H3K27me2K36me3,K[+84.1]SAPATGGVK[+42]K[+56]PHR,8350,HIST1H3A,P68431,1,TRUE
BI10043,KSAPATGGVKKPHR,BI10043,H3K27me3K36me0,K[+98.1]SAPATGGVK[+56]K[+56]PHR,8350,HIST1H3A,P68431,1,TRUE
BI10044,KSAPATGGVKKPHR,BI10044,H3K27me3K36me1,K[+98.1]SAPATGGVK[+70]K[+56]PHR,8350,HIST1H3A,P68431,1,TRUE
BI10045,KSAPATGGVKKPHR,BI10045,H3K27me3K36me2,K[+98.1]SAPATGGVK[+28]K[+56]PHR,8350,HIST1H3A,P68431,1,TRUE
BI10046,KSAPATGGVKKPHR,BI10046,H3K27me3K36me3,K[+98.1]SAPATGGVK[+42]K[+56]PHR,8350,HIST1H3A,P68431,1,TRUE
BI10046,KSAPATGGVKKPHR,BI10046,H3K27me3K36me3,K[+98.1]SAPATGGVK[+42]K[+56]PHR,8350,HIST1H3A,P68431,NA,NA
BI10047,KSAPATGGVKKPHR,BI10047,H3K27ac1K36me0,K[+98]SAPATGGVK[+56]K[+56]PHR,8350,HIST1H3A,P68431,1,TRUE
BI10048,KSAPATGGVKKPHR,BI10048,H3K27ac1K36me1,K[+98]SAPATGGVK[+70]K[+56]PHR,8350,HIST1H3A,P68431,1,TRUE
BI10049,KSAPATGGVKKPHR,BI10049,H3K27ac1K36me2,K[+98]SAPATGGVK[+28]K[+56]PHR,8350,HIST1H3A,P68431,1,TRUE
BI10050,KSAPATGGVKKPHR,BI10050,H3K27ac1K36me3,K[+98]SAPATGGVK[+42]K[+56]PHR,8350,HIST1H3A,P68431,1,TRUE
BI10051,KSAPSTGGVKKPHR,BI10051,H3.3K27me0K36me0,K[+112.1]SAPSTGGVK[+56]K[+56]PHR,3020,H3F3A,P84243,1,TRUE
BI10052p,YRPGTVALR,BI10052p,H3NORM(41-49),Y[+56]RPGTVALR,8350,HIST1H3A,P68431,1,TRUE
BI10054,YQKSTELLIR,BI10054,H3K56me0,Y[+56]QK[+56]STELLIR,8350,HIST1H3A,P68431,1,TRUE
BI10054,YQKSTELLIR,BI10054,H3K56me0,Y[+56]QK[+56]STELLIR,8350,HIST1H3A,P68431,2,TRUE
BI10055,YQKSTELLIR,BI10055,H3K56me1,Y[+56]QK[+70]STELLIR,8350,HIST1H3A,P68431,2,TRUE
BI10055,YQKSTELLIR,BI10055,H3K56me1,Y[+56]QK[+70]STELLIR,8350,HIST1H3A,P68431,NA,NA
BI10056,YQKSTELLIR,BI10056,H3K56me2,Y[+56]QK[+28]STELLIR,8350,HIST1H3A,P68431,1,TRUE
BI10056,YQKSTELLIR,BI10056,H3K56me2,Y[+56]QK[+28]STELLIR,8350,HIST1H3A,P68431,2,TRUE
BI10056,YQKSTELLIR,BI10056,H3K56me2,Y[+56]QK[+28]STELLIR,8350,HIST1H3A,P68431,NA,NA
BI10058,YQKSTELLIR,BI10058,H3K56ac1,Y[+56]QK[+56]STELLIR,8350,HIST1H3A,P68431,1,TRUE
BI10060,EIAQDFKTDLR,BI10060,H3K79me0,E[+56]IAQDFK[+56]TDLR,8350,HIST1H3A,P68431,1,TRUE
BI10060,EIAQDFKTDLR,BI10060,H3K79me0,E[+56]IAQDFK[+56]TDLR,8350,HIST1H3A,P68431,2,TRUE
BI10061,EIAQDFKTDLR,BI10061,H3K79me1,E[+56]IAQDFK[+70]TDLR,8350,HIST1H3A,P68431,1,TRUE
BI10061,EIAQDFKTDLR,BI10061,H3K79me1,E[+56]IAQDFK[+70]TDLR,8350,HIST1H3A,P68431,2,TRUE
BI10062,EIAQDFKTDLR,BI10062,H3K79me2,E[+56]IAQDFK[+28]TDLR,8350,HIST1H3A,P68431,1,TRUE
BI10062,EIAQDFKTDLR,BI10062,H3K79me2,E[+56]IAQDFK[+28]TDLR,8350,HIST1H3A,P68431,2,TRUE
BI10085,KSAPATGGVKKPHR,BI10085,H3K27me0K36me1,K[+112.1]SAPATGGVK[+70]K[+56]PHR,8350,HIST1H3A,P68431,1,TRUE
BI10086,KSAPATGGVKKPHR,BI10086,H3K27me0K36me2,K[+112.1]SAPATGGVK[+28]K[+56]PHR,8350,HIST1H3A,P68431,1,TRUE
BI10087,KSAPATGGVKKPHR,BI10087,H3K27me0K36me3,K[+112.1]SAPATGGVK[+42]K[+56]PHR,8350,HIST1H3A,P68431,1,TRUE
