id,cell_id,det_filename,det_normalization_group_vector,det_plate,det_well,isomeric_smiles,lsm_id,pert_batch_internal_compound_enumerator,pert_batch_internal_replicate,pert_dose,pert_dose_unit,pert_id,pert_iname,pert_time,pert_time_unit,pert_type,pert_vehicle,provenance_code,pubchem_cid,pert_desc,pert_dose_bin
PM7-46D43-001A01,MCF7,C20150515_MCF7_T1_cmpds_P-0015_A01_DIA_acq_01.raw,1,P-0015,A1,CS(=O)C,LSM-36361,1,1,0,uM,DMSO,DMSO,3,h,ctrl_vehicle,DMSO,L2X+SF8+PF9+LLB+OSF+RMN,679,NA,0.0
PM7-46D43-004A04,MCF7,C20150515_MCF7_T1_cmpds_P-0015_A04_DIA_acq_01.raw,1,P-0015,A4,CC[C@H](C)N1C=C(C2=C(C=C(C=C21)C3=CN=C(C=C3)N4CCNCC4)C(=O)NCC5=C(C=C(NC5=O)C)C)C,LSM-36365,9,1,1,uM,BRD-A14634327,gsk126,3,h,trt_cp,DMSO,L2X+SF8+PF9+LLB+OSF+RMN,68210102,NA,1.0
PM7-46D43-007A07,MCF7,C20150515_MCF7_T1_cmpds_P-0015_A07_DIA_acq_01.raw,1,P-0015,A7,C1=CC=C(C(=C1)N)NC(=O)C2=CC=C(C=C2)CNC(=O)OCC3=CN=CC=C3,LSM-4811,17,1,2,uM,BRD-K77908580,MS-275,3,h,trt_cp,DMSO,L2X+SF8+PF9+LLB+OSF+RMN,4261,NA,1.0
PM7-46D43-010A10,MCF7,C20150515_MCF7_T1_cmpds_P-0015_A10_DIA_acq_01.raw,1,P-0015,A10,COC1=CC=CC2=CC(=C3C4=C(N=CNN4C(=N3)C5CCC(CC5)C(=O)O)N)N=C21,LSM-1063,25,1,2,uM,BRD-K94294671,OSI-027,3,h,trt_cp,DMSO,L2X+SF8+PF9+LLB+OSF+RMN,56965966,NA,1.0
PM7-46D43-013B01,MCF7,C20150515_MCF7_T1_cmpds_P-0015_B01_DIA_acq_01.raw,1,P-0015,B1,CC1=C(C(=NO1)C)C2=C(C=C3C(=C2)N=CC4=C3N(C(=O)N4)[C@H](C)C5=CC=CC=N5)OC,LSM-6335,2,1,1,uM,BRD-K36363294,GSK1210151A,3,h,trt_cp,DMSO,L2X+SF8+PF9+LLB+OSF+RMN,52912189,NA,1.0
PM7-46D43-016B04,MCF7,C20150515_MCF7_T1_cmpds_P-0015_B04_DIA_acq_01.raw,1,P-0015,B4,CC1=CC(=C(C(=O)N1)CNC(=O)C2=C3C=NN(C3=CC(=C2)C4=CC=C(C=C4)CN5CCOCC5)C6CCCC6)C,LSM-36366,10,1,6,uM,BRD-K57754230,EPZ-5687,3,h,trt_cp,DMSO,L2X+SF8+PF9+LLB+OSF+RMN,60160561,NA,10.0
PM7-46D43-019B07,MCF7,C20150515_MCF7_T1_cmpds_P-0015_B07_DIA_acq_01.raw,1,P-0015,B7,CC(=O)NC1=CC=C(C=C1)C(=O)NC2=CC=CC=C2N,LSM-19036,18,1,2,uM,BRD-K52313696,CI-994,3,h,trt_cp,DMSO,L2X+SF8+PF9+LLB+OSF+RMN,2746,NA,1.0
PM7-46D43-022B10,MCF7,C20150515_MCF7_T1_cmpds_P-0015_B10_DIA_acq_01.raw,1,P-0015,B10,C1=CC(=CC=C1C=CC2=CC(=CC(=C2)O)O)O,LSM-2557,26,1,10,uM,BRD-K80738081,Resveratrol,3,h,trt_cp,DMSO,L2X+SF8+PF9+LLB+OSF+RMN,5056,NA,10.0
PM7-46D43-025C01,MCF7,C20150515_MCF7_T1_cmpds_P-0015_C01_DIA_acq_01.raw,1,P-0015,C1,CCNC(=O)C[C@H]1C2=NN=C(N2C3=C(C=C(C=C3)OC)C(=N1)C4=CC=C(C=C4)Cl)C,LSM-6334,3,1,1,uM,BRD-K08109215,GSK525762A,3,h,trt_cp,DMSO,L2X+SF8+PF9+LLB+OSF+RMN,46943432,NA,1.0
PM7-46D43-028C04,MCF7,C20150515_MCF7_T1_cmpds_P-0015_C04_DIA_acq_01.raw,1,P-0015,C4,CCS(=O)(=O)N1CCC(CC1)[C@@H](C)N2C(=C(C3=CC=CC=C32)C(=O)NCC4=C(C=C(NC4=O)C)OC)C,LSM-42750,11,1,1,uM,BRD-A48881734,CPI-169,3,h,trt_cp,DMSO,L2X+SF8+PF9+LLB+OSF+RMN,71712226,NA,1.0
PM7-46D43-031C07,MCF7,C20150515_MCF7_T1_cmpds_P-0015_C07_DIA_acq_01.raw,1,P-0015,C7,C[C@H](C=C(C)C=CC(=O)NO)C(=O)C1=CC=C(C=C1)N(C)C,LSM-3524,19,1,1,uM,BRD-A19037878,trichostatin A,3,h,trt_cp,DMSO,L2X+SF8+PF9+LLB+OSF+RMN,105115,NA,1.0
PM7-46D43-034C10,MCF7,C20150515_MCF7_T1_cmpds_P-0015_C10_DIA_acq_01.raw,1,P-0015,C10,C1CC(C2=C(C1)C3=C(N2)C=CC(=C3)Cl)C(=O)N,LSM-36370,27,1,10,uM,BRD-K76964878,EX527,3,h,trt_cp,DMSO,L2X+SF8+PF9+LLB+OSF+RMN,5113032,NA,10.0
PM7-46D43-038D02,MCF7,C20150515_MCF7_T1_cmpds_P-0015_D02_DIA_acq_01.raw,1,P-0015,D2,CC1=C(SC2=C1C(=N[C@H](C3=NN=C(N32)C)CC(=O)OC(C)(C)C)C4=CC=C(C=C4)Cl)C,LSM-6332,4,2,1,uM,BRD-K54606188,JQ1-S,3,h,trt_cp,DMSO,L2X+SF8+PF9+LLB+OSF+RMN,46907787,NA,1.0
PM7-46D43-040D04,MCF7,C20150515_MCF7_T1_cmpds_P-0015_D04_DIA_acq_01.raw,1,P-0015,D4,CC(C)N1CCCN(CC1)C2=NC3=CC(=C(C=C3C(=N2)NC4CCN(CC4)C5CCCCC5)OC)OCCCN6CCCCC6,LSM-36368,12,1,0.5,uM,BRD-K87465484,UNC-0646,3,h,trt_cp,DMSO,L2X+SF8+PF9+LLB+OSF+RMN,53315882,NA,1.0
PM7-46D43-043D07,MCF7,C20150515_MCF7_T1_cmpds_P-0015_D07_DIA_acq_01.raw,1,P-0015,D7,C1=CC=C(C=C1)NS(=O)(=O)C2=CC=CC(=C2)C=CC(=O)NO,LSM-5351,20,1,10,uM,BRD-K17743125,belinostat,3,h,trt_cp,DMSO,L2X+SF8+PF9+LLB+OSF+RMN,53437714,NA,10.0
PM7-46D43-046D10,MCF7,C20150515_MCF7_T1_cmpds_P-0015_D10_DIA_acq_01.raw,1,P-0015,D10,CC(C1=CC=CC=C1)C(=O)NC2=CC=CC(=C2)NC=C3C(=O)C=CC4=CC=CC=C43,LSM-5123,28,1,10,uM,BRD-A67788537,salermide,3,h,trt_cp,DMSO,L2X+SF8+PF9+LLB+OSF+RMN,53393948,NA,10.0
PM7-46D43-050E02,MCF7,C20150515_MCF7_T1_cmpds_P-0015_E02_DIA_acq_01.raw,1,P-0015,E2,C1=CN(C(=O)N=C1)[C@H]2[C@@H]([C@@H]([C@H](O2)CO)O)O,LSM-36362,5,2,10,uM,BRD-K87714311,zebularine,3,h,trt_cp,DMSO,L2X+SF8+PF9+LLB+OSF+RMN,100016,NA,10.0
PM7-46D43-052E04,MCF7,C20150515_MCF7_T1_cmpds_P-0015_E04_DIA_acq_01.raw,1,P-0015,E4,CN1CCCN(CC1)C2=NC3=CC(=C(C=C3C(=N2)NC4CCN(CC4)C)OC)OCCOCCN(C)C,LSM-4942,13,1,10,uM,BRD-K74236984,UNC-0321,3,h,trt_cp,DMSO,L2X+SF8+PF9+LLB+OSF+RMN,46901937,NA,10.0
PM7-46D43-055E07,MCF7,C20150515_MCF7_T1_cmpds_P-0015_E07_DIA_acq_01.raw,1,P-0015,E7,COC(=O)C=CC(=O)N(CCCCNCC1=CC=C(C=C1)COC(=O)NC2=CC=CC3=CC=CC=C32)O,LSM-6330,21,1,10,uM,BRD-K52560704,methylstat,3,h,trt_cp,DMSO,L2X+SF8+PF9+LLB+OSF+RMN,76033918,NA,10.0
PM7-46D43-058E10,MCF7,C20150515_MCF7_T1_cmpds_P-0015_E10_DIA_acq_01.raw,1,P-0015,E10,C[C@H]1C[C@@H]([C@@H]([C@H](C=C([C@@H]([C@H](C=CC=C(C(=O)NC2=CC(=O)C(=C(C1)C2=O)OC)C)OC)OC(=O)N)C)C)O)OC,LSM-1108,29,1,2,uM,BRD-K11528507,geldanamycin,3,h,trt_cp,DMSO,L2X+SF8+PF9+LLB+OSF+RMN,644250,NA,1.0
PM7-46D43-061F01,MCF7,C20150515_MCF7_T1_cmpds_P-0015_F01_DIA_acq_01.raw,1,P-0015,F1,C1[C@@H]([C@H](O[C@H]1N2C=NC(=NC2=O)N)CO)O,LSM-5855,6,1,10,uM,BRD-K79254416,decitabine,3,h,trt_cp,DMSO,L2X+SF8+PF9+LLB+OSF+RMN,451668,NA,10.0
PM7-46D43-064F04,MCF7,C20150515_MCF7_T1_cmpds_P-0015_F04_DIA_acq_01.raw,1,P-0015,F4,COC1=CC=C(C=C1)C(=O)OC2=CC=C(C=C2)CCN3C4=C(C=C(C=C4)C(=O)O)N=C3NC(=O)C5=CC=C(C=C5)C(F)(F)F,LSM-4923,14,1,10,uM,BRD-K26863634,BIX-01338,3,h,trt_cp,DMSO,L2X+SF8+PF9+LLB+OSF+RMN,56676725,NA,10.0
PM7-46D43-067F07,MCF7,C20150515_MCF7_T1_cmpds_P-0015_F07_DIA_acq_01.raw,1,P-0015,F7,CCOC(=O)CCNC1=NC(=NC(=C1)N2CCC3=CC=CC=C3CC2)C4=CC=CC=N4,LSM-6328,22,1,5,uM,BRD-K98203492,GSK-J4,3,h,trt_cp,DMSO,L2X+SF8+PF9+LLB+OSF+RMN,71729975,NA,10.0
PM7-46D43-070F10,MCF7,C20150515_MCF7_T1_cmpds_P-0015_F10_DIA_acq_01.raw,1,P-0015,F10,C[C@@H]1CC[C@H]2C[C@@H](C(=CC=CC=C[C@H](C[C@H](C(=O)[C@@H]([C@@H](C(=C[C@H](C(=O)C[C@H](OC(=O)[C@@H]3CCCCN3C(=O)C(=O)[C@@]1(O2)O)[C@H](C)C[C@@H]4CC[C@H]([C@@H](C4)OC)O)C)C)O)OC)C)C)C)OC,LSM-4886,30,1,1,uM,BRD-A79768653,sirolimus,3,h,trt_cp,DMSO,L2X+SF8+PF9+LLB+OSF+RMN,478951,NA,1.0
PM7-46D43-073G01,MCF7,C20150515_MCF7_T1_cmpds_P-0015_G01_DIA_acq_01.raw,1,P-0015,G1,CC(C)N(C[C@@H]1[C@H]([C@H]([C@@H](O1)N2C=NC3=C2N=CN=C3N)O)O)C4CC(C4)CCC5=NC6=C(N5)C=C(C=C6)C(C)(C)C,LSM-36363,7,1,10,uM,BRD-A69563582,EPZ-5676,3,h,trt_cp,DMSO,L2X+SF8+PF9+LLB+OSF+RMN,57345410,NA,10.0
PM7-46D43-076G04,MCF7,C20150515_MCF7_T1_cmpds_P-0015_G04_DIA_acq_01.raw,1,P-0015,G4,CN1CCCN(CC1)C2=NC3=CC(=C(C=C3C(=N2)NC4CCN(CC4)CC5=CC=CC=C5)OC)OC,LSM-4571,15,1,10,uM,BRD-K26818574,BIX-01294,3,h,trt_cp,DMSO,L2X+SF8+PF9+LLB+OSF+RMN,25150857,NA,10.0
PM7-46D43-079G07,MCF7,C20150515_MCF7_T1_cmpds_P-0015_G07_DIA_acq_02.raw,1,P-0015,G7,C1CCN(C1)C2CCN(CC2)C(=O)C3=CC(=C(C=C3)C(=O)N4CCC(CC4)N5CCCC5)NC6=CC=CC=C6,LSM-6338,23,1,1,uM,BRD-K83189926,UNC1215,3,h,trt_cp,DMSO,L2X+SF8+PF9+LLB+OSF+RMN,57339144,NA,1.0
PM7-46D43-082G10,MCF7,C20150515_MCF7_T1_cmpds_P-0015_G10_DIA_acq_01.raw,1,P-0015,G10,C[C@@]12[C@@H]([C@@H](C[C@@H](O1)N3C4=CC=CC=C4C5=C6C(=C7C8=CC=CC=C8N2C7=C53)CNC6=O)NC)OC,LSM-1103,31,1,1,uM,BRD-K17953061,staurosporine,3,h,trt_cp,DMSO,L2X+SF8+PF9+LLB+OSF+RMN,44259,NA,1.0
PM7-46D43-085H01,MCF7,C20150515_MCF7_T1_cmpds_P-0015_H01_DIA_acq_01.raw,1,P-0015,H1,CC(C)N(CCCNC(=O)NC1=CC=C(C=C1)C(C)(C)C)C[C@@H]2[C@H]([C@H]([C@@H](O2)N3C=CC4=C3N=CN=C4N)O)O,LSM-36364,8,1,3,uM,BRD-A65730376,EPZ004777,3,h,trt_cp,DMSO,L2X+SF8+PF9+LLB+OSF+RMN,56962336,NA,1.0
PM7-46D43-088H04,MCF7,C20150515_MCF7_T1_cmpds_P-0015_H04_DIA_acq_01.raw,1,P-0015,H4,C1=CC=C(C=C1)NC(=O)CCCCCCC(=O)NO,LSM-3828,16,1,1,uM,BRD-K81418486,vorinostat,3,h,trt_cp,DMSO,L2X+SF8+PF9+LLB+OSF+RMN,5311,NA,1.0
PM7-46D43-091H07,MCF7,C20150515_MCF7_T1_cmpds_P-0015_H07_DIA_acq_01.raw,1,P-0015,H7,CCCC1=CC2=C(N=CN=C2S1)N3CCN(CC3)C4=NCC(S4)(C)C,LSM-36369,24,1,12,uM,BRD-K90860366,1271738-62-5,3,h,trt_cp,DMSO,L2X+SF8+PF9+LLB+OSF+RMN,54765302,NA,10.0
PM7-46D43-094H10,MCF7,C20150515_MCF7_T1_cmpds_P-0015_H10_DIA_acq_01.raw,1,P-0015,H10,C1COCCN1C2=CC(=O)C3=C(O2)C(=CC=C3)C4=CC=CC=C4,LSM-2597,32,1,10,uM,BRD-K27305650,LY-294002,3,h,trt_cp,DMSO,L2X+SF8+PF9+LLB+OSF+RMN,3973,NA,10.0
PNC-1AE87-001A01,NPC,C20150526_P-0016_NPC_T1_cmpds_P-0016_A01_DIA_acq_01.raw,1,P-0016,A1,CS(=O)C,LSM-36361,1,1,0,uM,DMSO,DMSO,3,h,ctrl_vehicle,DMSO,L2X+SF8+PF9+LLB+OSF+RMN,679,NA,0.0
PNC-1AE87-004A04,NPC,C20150526_P-0016_NPC_T1_cmpds_P-0016_A04_DIA_acq_01.raw,1,P-0016,A4,CC[C@H](C)N1C=C(C2=C(C=C(C=C21)C3=CN=C(C=C3)N4CCNCC4)C(=O)NCC5=C(C=C(NC5=O)C)C)C,LSM-36365,9,1,1,uM,BRD-A14634327,gsk126,3,h,trt_cp,DMSO,L2X+SF8+PF9+LLB+OSF+RMN,68210102,NA,1.0
PNC-1AE87-007A07,NPC,C20150526_P-0016_NPC_T1_cmpds_P-0016_A07_DIA_acq_01.raw,1,P-0016,A7,C1=CC=C(C(=C1)N)NC(=O)C2=CC=C(C=C2)CNC(=O)OCC3=CN=CC=C3,LSM-4811,17,1,2,uM,BRD-K77908580,MS-275,3,h,trt_cp,DMSO,L2X+SF8+PF9+LLB+OSF+RMN,4261,NA,1.0
PNC-1AE87-010A10,NPC,C20150526_P-0016_NPC_T1_cmpds_P-0016_A10_DIA_acq_01.raw,1,P-0016,A10,COC1=CC=CC2=CC(=C3C4=C(N=CNN4C(=N3)C5CCC(CC5)C(=O)O)N)N=C21,LSM-1063,25,1,2,uM,BRD-K94294671,OSI-027,3,h,trt_cp,DMSO,L2X+SF8+PF9+LLB+OSF+RMN,56965966,NA,1.0
PNC-1AE87-013B01,NPC,C20150526_P-0016_NPC_T1_cmpds_P-0016_B01_DIA_acq_01.raw,1,P-0016,B1,CC1=C(C(=NO1)C)C2=C(C=C3C(=C2)N=CC4=C3N(C(=O)N4)[C@H](C)C5=CC=CC=N5)OC,LSM-6335,2,1,1,uM,BRD-K36363294,GSK1210151A,3,h,trt_cp,DMSO,L2X+SF8+PF9+LLB+OSF+RMN,52912189,NA,1.0
PNC-1AE87-016B04,NPC,C20150526_P-0016_NPC_T1_cmpds_P-0016_B04_DIA_acq_01.raw,1,P-0016,B4,CC1=CC(=C(C(=O)N1)CNC(=O)C2=C3C=NN(C3=CC(=C2)C4=CC=C(C=C4)CN5CCOCC5)C6CCCC6)C,LSM-36366,10,1,6,uM,BRD-K57754230,EPZ-5687,3,h,trt_cp,DMSO,L2X+SF8+PF9+LLB+OSF+RMN,60160561,NA,10.0
PNC-1AE87-019B07,NPC,C20150526_P-0016_NPC_T1_cmpds_P-0016_B07_DIA_acq_01.raw,1,P-0016,B7,CC(=O)NC1=CC=C(C=C1)C(=O)NC2=CC=CC=C2N,LSM-19036,18,1,2,uM,BRD-K52313696,CI-994,3,h,trt_cp,DMSO,L2X+SF8+PF9+LLB+OSF+RMN,2746,NA,1.0
PNC-1AE87-022B10,NPC,C20150526_P-0016_NPC_T1_cmpds_P-0016_B10_DIA_acq_01.raw,1,P-0016,B10,C1=CC(=CC=C1C=CC2=CC(=CC(=C2)O)O)O,LSM-2557,26,1,10,uM,BRD-K80738081,Resveratrol,3,h,trt_cp,DMSO,L2X+SF8+PF9+LLB+OSF+RMN,5056,NA,10.0
PNC-1AE87-025C01,NPC,C20150526_P-0016_NPC_T1_cmpds_P-0016_C01_DIA_acq_01.raw,1,P-0016,C1,CCNC(=O)C[C@H]1C2=NN=C(N2C3=C(C=C(C=C3)OC)C(=N1)C4=CC=C(C=C4)Cl)C,LSM-6334,3,1,1,uM,BRD-K08109215,GSK525762A,3,h,trt_cp,DMSO,L2X+SF8+PF9+LLB+OSF+RMN,46943432,NA,1.0
PNC-1AE87-028C04,NPC,C20150526_P-0016_NPC_T1_cmpds_P-0016_C04_DIA_acq_01.raw,1,P-0016,C4,CCS(=O)(=O)N1CCC(CC1)[C@@H](C)N2C(=C(C3=CC=CC=C32)C(=O)NCC4=C(C=C(NC4=O)C)OC)C,LSM-42750,11,1,1,uM,BRD-A48881734,CPI-169,3,h,trt_cp,DMSO,L2X+SF8+PF9+LLB+OSF+RMN,71712226,NA,1.0
PNC-1AE87-031C07,NPC,C20150526_P-0016_NPC_T1_cmpds_P-0016_C07_DIA_acq_01.raw,1,P-0016,C7,C[C@H](C=C(C)C=CC(=O)NO)C(=O)C1=CC=C(C=C1)N(C)C,LSM-3524,19,1,1,uM,BRD-A19037878,trichostatin A,3,h,trt_cp,DMSO,L2X+SF8+PF9+LLB+OSF+RMN,105115,NA,1.0
PNC-1AE87-034C10,NPC,C20150526_P-0016_NPC_T1_cmpds_P-0016_C10_DIA_acq_01.raw,1,P-0016,C10,C1CC(C2=C(C1)C3=C(N2)C=CC(=C3)Cl)C(=O)N,LSM-36370,27,1,10,uM,BRD-K76964878,EX527,3,h,trt_cp,DMSO,L2X+SF8+PF9+LLB+OSF+RMN,5113032,NA,10.0
PNC-1AE87-037D01,NPC,C20150526_P-0016_NPC_T1_cmpds_P-0016_D01_DIA_acq_01.raw,1,P-0016,D1,CC1=C(SC2=C1C(=N[C@H](C3=NN=C(N32)C)CC(=O)OC(C)(C)C)C4=CC=C(C=C4)Cl)C,LSM-6332,4,1,1,uM,BRD-K54606188,JQ1-S,3,h,trt_cp,DMSO,L2X+SF8+PF9+LLB+OSF+RMN,46907787,NA,1.0
PNC-1AE87-040D04,NPC,C20150526_P-0016_NPC_T1_cmpds_P-0016_D04_DIA_acq_01.raw,1,P-0016,D4,CC(C)N1CCCN(CC1)C2=NC3=CC(=C(C=C3C(=N2)NC4CCN(CC4)C5CCCCC5)OC)OCCCN6CCCCC6,LSM-36368,12,1,0.5,uM,BRD-K87465484,UNC-0646,3,h,trt_cp,DMSO,L2X+SF8+PF9+LLB+OSF+RMN,53315882,NA,1.0
PNC-1AE87-043D07,NPC,C20150526_P-0016_NPC_T1_cmpds_P-0016_D07_DIA_acq_01.raw,1,P-0016,D7,C1=CC=C(C=C1)NS(=O)(=O)C2=CC=CC(=C2)C=CC(=O)NO,LSM-5351,20,1,10,uM,BRD-K17743125,belinostat,3,h,trt_cp,DMSO,L2X+SF8+PF9+LLB+OSF+RMN,53437714,NA,10.0
PNC-1AE87-046D10,NPC,C20150526_P-0016_NPC_T1_cmpds_P-0016_D10_DIA_acq_01.raw,1,P-0016,D10,CC(C1=CC=CC=C1)C(=O)NC2=CC=CC(=C2)NC=C3C(=O)C=CC4=CC=CC=C43,LSM-5123,28,1,10,uM,BRD-A67788537,salermide,3,h,trt_cp,DMSO,L2X+SF8+PF9+LLB+OSF+RMN,53393948,NA,10.0
PNC-1AE87-050E02,NPC,C20150526_P-0016_NPC_T1_cmpds_P-0016_E02_DIA_acq_01.raw,1,P-0016,E2,C1=CN(C(=O)N=C1)[C@H]2[C@@H]([C@@H]([C@H](O2)CO)O)O,LSM-36362,5,2,10,uM,BRD-K87714311,zebularine,3,h,trt_cp,DMSO,L2X+SF8+PF9+LLB+OSF+RMN,100016,NA,10.0
PNC-1AE87-052E04,NPC,C20150526_P-0016_NPC_T1_cmpds_P-0016_E04_DIA_acq_01.raw,1,P-0016,E4,CN1CCCN(CC1)C2=NC3=CC(=C(C=C3C(=N2)NC4CCN(CC4)C)OC)OCCOCCN(C)C,LSM-4942,13,1,10,uM,BRD-K74236984,UNC-0321,3,h,trt_cp,DMSO,L2X+SF8+PF9+LLB+OSF+RMN,46901937,NA,10.0
PNC-1AE87-055E07,NPC,C20150526_P-0016_NPC_T1_cmpds_P-0016_E07_DIA_acq_01.raw,1,P-0016,E7,COC(=O)C=CC(=O)N(CCCCNCC1=CC=C(C=C1)COC(=O)NC2=CC=CC3=CC=CC=C32)O,LSM-6330,21,1,10,uM,BRD-K52560704,methylstat,3,h,trt_cp,DMSO,L2X+SF8+PF9+LLB+OSF+RMN,76033918,NA,10.0
PNC-1AE87-058E10,NPC,C20150526_P-0016_NPC_T1_cmpds_P-0016_E10_DIA_acq_01.raw,1,P-0016,E10,C[C@H]1C[C@@H]([C@@H]([C@H](C=C([C@@H]([C@H](C=CC=C(C(=O)NC2=CC(=O)C(=C(C1)C2=O)OC)C)OC)OC(=O)N)C)C)O)OC,LSM-1108,29,1,2,uM,BRD-K11528507,geldanamycin,3,h,trt_cp,DMSO,L2X+SF8+PF9+LLB+OSF+RMN,644250,NA,1.0
PNC-1AE87-061F01,NPC,C20150526_P-0016_NPC_T1_cmpds_P-0016_F01_DIA_acq_01.raw,1,P-0016,F1,C1[C@@H]([C@H](O[C@H]1N2C=NC(=NC2=O)N)CO)O,LSM-5855,6,1,10,uM,BRD-K79254416,decitabine,3,h,trt_cp,DMSO,L2X+SF8+PF9+LLB+OSF+RMN,451668,NA,10.0
PNC-1AE87-064F04,NPC,C20150526_P-0016_NPC_T1_cmpds_P-0016_F04_DIA_acq_01.raw,1,P-0016,F4,COC1=CC=C(C=C1)C(=O)OC2=CC=C(C=C2)CCN3C4=C(C=C(C=C4)C(=O)O)N=C3NC(=O)C5=CC=C(C=C5)C(F)(F)F,LSM-4923,14,1,10,uM,BRD-K26863634,BIX-01338,3,h,trt_cp,DMSO,L2X+SF8+PF9+LLB+OSF+RMN,56676725,NA,10.0
PNC-1AE87-067F07,NPC,C20150526_P-0016_NPC_T1_cmpds_P-0016_F07_DIA_acq_01.raw,1,P-0016,F7,CCOC(=O)CCNC1=NC(=NC(=C1)N2CCC3=CC=CC=C3CC2)C4=CC=CC=N4,LSM-6328,22,1,5,uM,BRD-K98203492,GSK-J4,3,h,trt_cp,DMSO,L2X+SF8+PF9+LLB+OSF+RMN,71729975,NA,10.0
PNC-1AE87-070F10,NPC,C20150526_P-0016_NPC_T1_cmpds_P-0016_F10_DIA_acq_01.raw,1,P-0016,F10,C[C@@H]1CC[C@H]2C[C@@H](C(=CC=CC=C[C@H](C[C@H](C(=O)[C@@H]([C@@H](C(=C[C@H](C(=O)C[C@H](OC(=O)[C@@H]3CCCCN3C(=O)C(=O)[C@@]1(O2)O)[C@H](C)C[C@@H]4CC[C@H]([C@@H](C4)OC)O)C)C)O)OC)C)C)C)OC,LSM-4886,30,1,1,uM,BRD-A79768653,sirolimus,3,h,trt_cp,DMSO,L2X+SF8+PF9+LLB+OSF+RMN,478951,NA,1.0
PNC-1AE87-073G01,NPC,C20150526_P-0016_NPC_T1_cmpds_P-0016_G01_DIA_acq_01.raw,1,P-0016,G1,CC(C)N(C[C@@H]1[C@H]([C@H]([C@@H](O1)N2C=NC3=C2N=CN=C3N)O)O)C4CC(C4)CCC5=NC6=C(N5)C=C(C=C6)C(C)(C)C,LSM-36363,7,1,10,uM,BRD-A69563582,EPZ-5676,3,h,trt_cp,DMSO,L2X+SF8+PF9+LLB+OSF+RMN,57345410,NA,10.0
PNC-1AE87-076G04,NPC,C20150526_P-0016_NPC_T1_cmpds_P-0016_G04_DIA_acq_01.raw,1,P-0016,G4,CN1CCCN(CC1)C2=NC3=CC(=C(C=C3C(=N2)NC4CCN(CC4)CC5=CC=CC=C5)OC)OC,LSM-4571,15,1,10,uM,BRD-K26818574,BIX-01294,3,h,trt_cp,DMSO,L2X+SF8+PF9+LLB+OSF+RMN,25150857,NA,10.0
PNC-1AE87-079G07,NPC,C20150526_P-0016_NPC_T1_cmpds_P-0016_G07_DIA_acq_01.raw,1,P-0016,G7,C1CCN(C1)C2CCN(CC2)C(=O)C3=CC(=C(C=C3)C(=O)N4CCC(CC4)N5CCCC5)NC6=CC=CC=C6,LSM-6338,23,1,1,uM,BRD-K83189926,UNC1215,3,h,trt_cp,DMSO,L2X+SF8+PF9+LLB+OSF+RMN,57339144,NA,1.0
PNC-1AE87-082G10,NPC,C20150526_P-0016_NPC_T1_cmpds_P-0016_G10_DIA_acq_01.raw,1,P-0016,G10,C[C@@]12[C@@H]([C@@H](C[C@@H](O1)N3C4=CC=CC=C4C5=C6C(=C7C8=CC=CC=C8N2C7=C53)CNC6=O)NC)OC,LSM-1103,31,1,1,uM,BRD-K17953061,staurosporine,3,h,trt_cp,DMSO,L2X+SF8+PF9+LLB+OSF+RMN,44259,NA,1.0
PNC-1AE87-086H02,NPC,C20150526_P-0016_NPC_T1_cmpds_P-0016_H02_DIA_acq_01.raw,1,P-0016,H2,CC(C)N(CCCNC(=O)NC1=CC=C(C=C1)C(C)(C)C)C[C@@H]2[C@H]([C@H]([C@@H](O2)N3C=CC4=C3N=CN=C4N)O)O,LSM-36364,8,2,3,uM,BRD-A65730376,EPZ004777,3,h,trt_cp,DMSO,L2X+SF8+PF9+LLB+OSF+RMN,56962336,NA,1.0
PNC-1AE87-088H04,NPC,C20150526_P-0016_NPC_T1_cmpds_P-0016_H04_DIA_acq_01.raw,1,P-0016,H4,C1=CC=C(C=C1)NC(=O)CCCCCCC(=O)NO,LSM-3828,16,1,1,uM,BRD-K81418486,vorinostat,3,h,trt_cp,DMSO,L2X+SF8+PF9+LLB+OSF+RMN,5311,NA,1.0
PNC-1AE87-091H07,NPC,C20150526_P-0016_NPC_T1_cmpds_P-0016_H07_DIA_acq_01.raw,1,P-0016,H7,CCCC1=CC2=C(N=CN=C2S1)N3CCN(CC3)C4=NCC(S4)(C)C,LSM-36369,24,1,12,uM,BRD-K90860366,1271738-62-5,3,h,trt_cp,DMSO,L2X+SF8+PF9+LLB+OSF+RMN,54765302,NA,10.0
PNC-1AE87-094H10,NPC,C20150526_P-0016_NPC_T1_cmpds_P-0016_H10_DIA_acq_01.raw,1,P-0016,H10,C1COCCN1C2=CC(=O)C3=C(O2)C(=CC=C3)C4=CC=CC=C4,LSM-2597,32,1,10,uM,BRD-K27305650,LY-294002,3,h,trt_cp,DMSO,L2X+SF8+PF9+LLB+OSF+RMN,3973,NA,10.0
PA5-EC63-001A01,A375,C20150605_A375_T1_cmpds_P-0017_A01_DIA_acq_01.raw,1,P-0017,A1,CS(=O)C,LSM-36361,1,1,0,uM,DMSO,DMSO,3,h,ctrl_vehicle,DMSO,L2X+SF8+PF9+LLB+OSF+RMN,679,679,0.0
PA5-EC63-004A04,A375,C20150605_A375_T1_cmpds_P-0017_A04_DIA_acq_01.raw,1,P-0017,A4,CC[C@H](C)N1C=C(C2=C(C=C(C=C21)C3=CN=C(C=C3)N4CCNCC4)C(=O)NCC5=C(C=C(NC5=O)C)C)C,LSM-36365,9,1,1,uM,BRD-A14634327,gsk126,3,h,trt_cp,DMSO,L2X+SF8+PF9+LLB+OSF+RMN,68210102,68210102,1.0
PA5-EC63-007A07,A375,C20150605_A375_T1_cmpds_P-0017_A07_DIA_acq_01.raw,1,P-0017,A7,C1=CC=C(C(=C1)N)NC(=O)C2=CC=C(C=C2)CNC(=O)OCC3=CN=CC=C3,LSM-4811,17,1,2,uM,BRD-K77908580,MS-275,3,h,trt_cp,DMSO,L2X+SF8+PF9+LLB+OSF+RMN,4261,4261,1.0
PA5-EC63-010A10,A375,C20150605_A375_T1_cmpds_P-0017_A10_DIA_acq_01.raw,1,P-0017,A10,COC1=CC=CC2=CC(=C3C4=C(N=CNN4C(=N3)C5CCC(CC5)C(=O)O)N)N=C21,LSM-1063,25,1,2,uM,BRD-K94294671,OSI-027,3,h,trt_cp,DMSO,L2X+SF8+PF9+LLB+OSF+RMN,56965966,44224160,1.0
PA5-EC63-013B01,A375,C20150605_A375_T1_cmpds_P-0017_B01_DIA_acq_01.raw,1,P-0017,B1,CC1=C(C(=NO1)C)C2=C(C=C3C(=C2)N=CC4=C3N(C(=O)N4)[C@H](C)C5=CC=CC=N5)OC,LSM-6335,2,1,1,uM,BRD-K36363294,GSK1210151A,3,h,trt_cp,DMSO,L2X+SF8+PF9+LLB+OSF+RMN,52912189,52912189,1.0
PA5-EC63-016B04,A375,C20150605_A375_T1_cmpds_P-0017_B04_DIA_acq_01.raw,1,P-0017,B4,CC1=CC(=C(C(=O)N1)CNC(=O)C2=C3C=NN(C3=CC(=C2)C4=CC=C(C=C4)CN5CCOCC5)C6CCCC6)C,LSM-36366,10,1,6,uM,BRD-K57754230,EPZ-5687,3,h,trt_cp,DMSO,L2X+SF8+PF9+LLB+OSF+RMN,60160561,60160561,10.0
PA5-EC63-019B07,A375,C20150605_A375_T1_cmpds_P-0017_B07_DIA_acq_01.raw,1,P-0017,B7,CC(=O)NC1=CC=C(C=C1)C(=O)NC2=CC=CC=C2N,LSM-19036,18,1,2,uM,BRD-K52313696,CI-994,3,h,trt_cp,DMSO,L2X+SF8+PF9+LLB+OSF+RMN,2746,2746,1.0
PA5-EC63-022B10,A375,C20150605_A375_T1_cmpds_P-0017_B10_DIA_acq_01.raw,1,P-0017,B10,C1=CC(=CC=C1C=CC2=CC(=CC(=C2)O)O)O,LSM-2557,26,1,10,uM,BRD-K80738081,Resveratrol,3,h,trt_cp,DMSO,L2X+SF8+PF9+LLB+OSF+RMN,5056,445154,10.0
PA5-EC63-025C01,A375,C20150605_A375_T1_cmpds_P-0017_C01_DIA_acq_01.raw,1,P-0017,C1,CCNC(=O)C[C@H]1C2=NN=C(N2C3=C(C=C(C=C3)OC)C(=N1)C4=CC=C(C=C4)Cl)C,LSM-6334,3,1,1,uM,BRD-K08109215,GSK525762A,3,h,trt_cp,DMSO,L2X+SF8+PF9+LLB+OSF+RMN,46943432,46943432,1.0
PA5-EC63-028C04,A375,C20150605_A375_T1_cmpds_P-0017_C04_DIA_acq_01.raw,1,P-0017,C4,CCS(=O)(=O)N1CCC(CC1)[C@@H](C)N2C(=C(C3=CC=CC=C32)C(=O)NCC4=C(C=C(NC4=O)C)OC)C,LSM-42750,11,1,1,uM,BRD-A48881734,CPI-169,3,h,trt_cp,DMSO,L2X+SF8+PF9+LLB+OSF+RMN,71712226,71712226,1.0
PA5-EC63-031C07,A375,C20150605_A375_T1_cmpds_P-0017_C07_DIA_acq_01.raw,1,P-0017,C7,C[C@H](C=C(C)C=CC(=O)NO)C(=O)C1=CC=C(C=C1)N(C)C,LSM-3524,19,1,1,uM,BRD-A19037878,trichostatin A,3,h,trt_cp,DMSO,L2X+SF8+PF9+LLB+OSF+RMN,105115,444732,1.0
PA5-EC63-034C10,A375,C20150605_A375_T1_cmpds_P-0017_C10_DIA_acq_01.raw,1,P-0017,C10,C1CC(C2=C(C1)C3=C(N2)C=CC(=C3)Cl)C(=O)N,LSM-36370,27,1,10,uM,BRD-K76964878,EX527,3,h,trt_cp,DMSO,L2X+SF8+PF9+LLB+OSF+RMN,5113032,5113032,10.0
PA5-EC63-037D01,A375,C20150605_A375_T1_cmpds_P-0017_D01_DIA_acq_01.raw,1,P-0017,D1,CC1=C(SC2=C1C(=N[C@H](C3=NN=C(N32)C)CC(=O)OC(C)(C)C)C4=CC=C(C=C4)Cl)C,LSM-6332,4,1,1,uM,BRD-K54606188,JQ1-S,3,h,trt_cp,DMSO,L2X+SF8+PF9+LLB+OSF+RMN,46907787,46907787,1.0
PA5-EC63-040D04,A375,C20150605_A375_T1_cmpds_P-0017_D04_DIA_acq_01.raw,1,P-0017,D4,CC(C)N1CCCN(CC1)C2=NC3=CC(=C(C=C3C(=N2)NC4CCN(CC4)C5CCCCC5)OC)OCCCN6CCCCC6,LSM-36368,12,1,0.5,uM,BRD-K87465484,UNC-0646,3,h,trt_cp,DMSO,L2X+SF8+PF9+LLB+OSF+RMN,53315882,53315882,1.0
PA5-EC63-043D07,A375,C20150605_A375_T1_cmpds_P-0017_D07_DIA_acq_01.raw,1,P-0017,D7,C1=CC=C(C=C1)NS(=O)(=O)C2=CC=CC(=C2)C=CC(=O)NO,LSM-5351,20,1,10,uM,BRD-K17743125,belinostat,3,h,trt_cp,DMSO,L2X+SF8+PF9+LLB+OSF+RMN,53437714,6918638,10.0
PA5-EC63-046D10,A375,C20150605_A375_T1_cmpds_P-0017_D10_DIA_acq_01.raw,1,P-0017,D10,CC(C1=CC=CC=C1)C(=O)NC2=CC=CC(=C2)NC=C3C(=O)C=CC4=CC=CC=C43,LSM-5123,28,1,10,uM,BRD-A67788537,salermide,3,h,trt_cp,DMSO,L2X+SF8+PF9+LLB+OSF+RMN,53393948,42626405,10.0
PA5-EC63-050E02,A375,C20150605_A375_T1_cmpds_P-0017_E02_DIA_acq_01.raw,1,P-0017,E2,C1=CN(C(=O)N=C1)[C@H]2[C@@H]([C@@H]([C@H](O2)CO)O)O,LSM-36362,5,2,10,uM,BRD-K87714311,zebularine,3,h,trt_cp,DMSO,L2X+SF8+PF9+LLB+OSF+RMN,100016,BRD-A18705706,10.0
PA5-EC63-052E04,A375,C20150605_A375_T1_cmpds_P-0017_E04_DIA_acq_01.raw,1,P-0017,E4,CN1CCCN(CC1)C2=NC3=CC(=C(C=C3C(=N2)NC4CCN(CC4)C)OC)OCCOCCN(C)C,LSM-4942,13,1,10,uM,BRD-K74236984,UNC-0321,3,h,trt_cp,DMSO,L2X+SF8+PF9+LLB+OSF+RMN,46901937,0,10.0
PA5-EC63-055E07,A375,C20150605_A375_T1_cmpds_P-0017_E07_DIA_acq_01.raw,1,P-0017,E7,COC(=O)C=CC(=O)N(CCCCNCC1=CC=C(C=C1)COC(=O)NC2=CC=CC3=CC=CC=C32)O,LSM-6330,21,1,10,uM,BRD-K52560704,methylstat,3,h,trt_cp,DMSO,L2X+SF8+PF9+LLB+OSF+RMN,76033918,BRD-K52560704,10.0
PA5-EC63-058E10,A375,C20150605_A375_T1_cmpds_P-0017_E10_DIA_acq_01.raw,1,P-0017,E10,C[C@H]1C[C@@H]([C@@H]([C@H](C=C([C@@H]([C@H](C=CC=C(C(=O)NC2=CC(=O)C(=C(C1)C2=O)OC)C)OC)OC(=O)N)C)C)O)OC,LSM-1108,29,1,2,uM,BRD-K11528507,geldanamycin,3,h,trt_cp,DMSO,L2X+SF8+PF9+LLB+OSF+RMN,644250,BRD-K11528507,1.0
PA5-EC63-061F01,A375,C20150605_A375_T1_cmpds_P-0017_F01_DIA_acq_01.raw,1,P-0017,F1,C1[C@@H]([C@H](O[C@H]1N2C=NC(=NC2=O)N)CO)O,LSM-5855,6,1,10,uM,BRD-K79254416,decitabine,3,h,trt_cp,DMSO,L2X+SF8+PF9+LLB+OSF+RMN,451668,BRD-K79254416,10.0
PA5-EC63-064F04,A375,C20150605_A375_T1_cmpds_P-0017_F04_DIA_acq_01.raw,1,P-0017,F4,COC1=CC=C(C=C1)C(=O)OC2=CC=C(C=C2)CCN3C4=C(C=C(C=C4)C(=O)O)N=C3NC(=O)C5=CC=C(C=C5)C(F)(F)F,LSM-4923,14,1,10,uM,BRD-K26863634,BIX-01338,3,h,trt_cp,DMSO,L2X+SF8+PF9+LLB+OSF+RMN,56676725,0,10.0
PA5-EC63-067F07,A375,C20150605_A375_T1_cmpds_P-0017_F07_DIA_acq_01.raw,1,P-0017,F7,CCOC(=O)CCNC1=NC(=NC(=C1)N2CCC3=CC=CC=C3CC2)C4=CC=CC=N4,LSM-6328,22,1,5,uM,BRD-K98203492,GSK-J4,3,h,trt_cp,DMSO,L2X+SF8+PF9+LLB+OSF+RMN,71729975,BRD-K98203492,10.0
PA5-EC63-070F10,A375,C20150605_A375_T1_cmpds_P-0017_F10_DIA_acq_01.raw,1,P-0017,F10,C[C@@H]1CC[C@H]2C[C@@H](C(=CC=CC=C[C@H](C[C@H](C(=O)[C@@H]([C@@H](C(=C[C@H](C(=O)C[C@H](OC(=O)[C@@H]3CCCCN3C(=O)C(=O)[C@@]1(O2)O)[C@H](C)C[C@@H]4CC[C@H]([C@@H](C4)OC)O)C)C)O)OC)C)C)C)OC,LSM-4886,30,1,1,uM,BRD-A79768653,sirolimus,3,h,trt_cp,DMSO,L2X+SF8+PF9+LLB+OSF+RMN,478951,BRD-A79768653,1.0
PA5-EC63-073G01,A375,C20150605_A375_T1_cmpds_P-0017_G01_DIA_acq_01.raw,1,P-0017,G1,CC(C)N(C[C@@H]1[C@H]([C@H]([C@@H](O1)N2C=NC3=C2N=CN=C3N)O)O)C4CC(C4)CCC5=NC6=C(N5)C=C(C=C6)C(C)(C)C,LSM-36363,7,1,10,uM,BRD-A69563582,EPZ-5676,3,h,trt_cp,DMSO,L2X+SF8+PF9+LLB+OSF+RMN,57345410,0,10.0
PA5-EC63-076G04,A375,C20150605_A375_T1_cmpds_P-0017_G04_DIA_acq_01.raw,1,P-0017,G4,CN1CCCN(CC1)C2=NC3=CC(=C(C=C3C(=N2)NC4CCN(CC4)CC5=CC=CC=C5)OC)OC,LSM-4571,15,1,10,uM,BRD-K26818574,BIX-01294,3,h,trt_cp,DMSO,L2X+SF8+PF9+LLB+OSF+RMN,25150857,BRD-K26818574,10.0
PA5-EC63-079G07,A375,C20150605_A375_T1_cmpds_P-0017_G07_DIA_acq_01.raw,1,P-0017,G7,C1CCN(C1)C2CCN(CC2)C(=O)C3=CC(=C(C=C3)C(=O)N4CCC(CC4)N5CCCC5)NC6=CC=CC=C6,LSM-6338,23,1,1,uM,BRD-K83189926,UNC1215,3,h,trt_cp,DMSO,L2X+SF8+PF9+LLB+OSF+RMN,57339144,BRD-K83189926,1.0
PA5-EC63-085H01,A375,C20150605_A375_T1_cmpds_P-0017_H01_DIA_acq_01.raw,1,P-0017,H1,CC(C)N(CCCNC(=O)NC1=CC=C(C=C1)C(C)(C)C)C[C@@H]2[C@H]([C@H]([C@@H](O2)N3C=CC4=C3N=CN=C4N)O)O,LSM-36364,8,1,3,uM,BRD-A65730376,EPZ004777,3,h,trt_cp,DMSO,L2X+SF8+PF9+LLB+OSF+RMN,56962336,0,1.0
PA5-EC63-088H04,A375,C20150605_A375_T1_cmpds_P-0017_H04_DIA_acq_01.raw,1,P-0017,H4,C1=CC=C(C=C1)NC(=O)CCCCCCC(=O)NO,LSM-3828,16,1,1,uM,BRD-K81418486,vorinostat,3,h,trt_cp,DMSO,L2X+SF8+PF9+LLB+OSF+RMN,5311,0,1.0
PA5-EC63-091H07,A375,C20150605_A375_T1_cmpds_P-0017_H07_DIA_acq_01.raw,1,P-0017,H7,CCCC1=CC2=C(N=CN=C2S1)N3CCN(CC3)C4=NCC(S4)(C)C,LSM-36369,24,1,12,uM,BRD-K90860366,1271738-62-5,3,h,trt_cp,DMSO,L2X+SF8+PF9+LLB+OSF+RMN,54765302,0,10.0
PA5-EC63-094H10,A375,C20150605_A375_T1_cmpds_P-0017_H10_DIA_acq_01.raw,1,P-0017,H10,C1COCCN1C2=CC(=O)C3=C(O2)C(=CC=C3)C4=CC=CC=C4,LSM-2597,32,1,10,uM,BRD-K27305650,LY-294002,3,h,trt_cp,DMSO,L2X+SF8+PF9+LLB+OSF+RMN,3973,BRD-K27305650,10.0
PP3-3D167-001A01,PC3,C20150428_PC3_T1-cmpds_P-0018_A01_DIA_acq_01.raw,1,P-0018,A1,CS(=O)C,LSM-36361,1,1,0,uM,DMSO,DMSO,3,h,ctrl_vehicle,DMSO,L2X+SF8+PF9+LLB+OSF+RMN,679,NA,0.0
PP3-3D167-004A04,PC3,C20150428_PC3_T1-cmpds_P-0018_A04_DIA_acq_01.raw,1,P-0018,A4,CC[C@H](C)N1C=C(C2=C(C=C(C=C21)C3=CN=C(C=C3)N4CCNCC4)C(=O)NCC5=C(C=C(NC5=O)C)C)C,LSM-36365,9,1,1,uM,BRD-A14634327,gsk126,3,h,trt_cp,DMSO,L2X+SF8+PF9+LLB+OSF+RMN,68210102,NA,1.0
PP3-3D167-007A07,PC3,C20150428_PC3_T1-cmpds_P-0018_A07_DIA_acq_01.raw,1,P-0018,A7,C1=CC=C(C(=C1)N)NC(=O)C2=CC=C(C=C2)CNC(=O)OCC3=CN=CC=C3,LSM-4811,17,1,2,uM,BRD-K77908580,MS-275,3,h,trt_cp,DMSO,L2X+SF8+PF9+LLB+OSF+RMN,4261,NA,1.0
PP3-3D167-010A10,PC3,C20150522_PC3_T1-cmpds_P-0018_A10_DIA_acq_02.raw,1,P-0018,A10,COC1=CC=CC2=CC(=C3C4=C(N=CNN4C(=N3)C5CCC(CC5)C(=O)O)N)N=C21,LSM-1063,25,1,2,uM,BRD-K94294671,OSI-027,3,h,trt_cp,DMSO,L2X+SF8+PF9+LLB+OSF+RMN,56965966,NA,1.0
PP3-3D167-013B01,PC3,C20150428_PC3_T1-cmpds_P-0018_B01_DIA_acq_01.raw,1,P-0018,B1,CC1=C(C(=NO1)C)C2=C(C=C3C(=C2)N=CC4=C3N(C(=O)N4)[C@H](C)C5=CC=CC=N5)OC,LSM-6335,2,1,1,uM,BRD-K36363294,GSK1210151A,3,h,trt_cp,DMSO,L2X+SF8+PF9+LLB+OSF+RMN,52912189,NA,1.0
PP3-3D167-016B04,PC3,C20150428_PC3_T1-cmpds_P-0018_B04_DIA_acq_01.raw,1,P-0018,B4,CC1=CC(=C(C(=O)N1)CNC(=O)C2=C3C=NN(C3=CC(=C2)C4=CC=C(C=C4)CN5CCOCC5)C6CCCC6)C,LSM-36366,10,1,6,uM,BRD-K57754230,EPZ-5687,3,h,trt_cp,DMSO,L2X+SF8+PF9+LLB+OSF+RMN,60160561,NA,10.0
PP3-3D167-019B07,PC3,C20150428_PC3_T1-cmpds_P-0018_B07_DIA_acq_01.raw,1,P-0018,B7,CC(=O)NC1=CC=C(C=C1)C(=O)NC2=CC=CC=C2N,LSM-19036,18,1,2,uM,BRD-K52313696,CI-994,3,h,trt_cp,DMSO,L2X+SF8+PF9+LLB+OSF+RMN,2746,NA,1.0
PP3-3D167-022B10,PC3,C20150522_PC3_T1-cmpds_P-0018_B10_DIA_acq_02.raw,1,P-0018,B10,C1=CC(=CC=C1C=CC2=CC(=CC(=C2)O)O)O,LSM-2557,26,1,10,uM,BRD-K80738081,Resveratrol,3,h,trt_cp,DMSO,L2X+SF8+PF9+LLB+OSF+RMN,5056,NA,10.0
PP3-3D167-025C01,PC3,C20150428_PC3_T1-cmpds_P-0018_C01_DIA_acq_01.raw,1,P-0018,C1,CCNC(=O)C[C@H]1C2=NN=C(N2C3=C(C=C(C=C3)OC)C(=N1)C4=CC=C(C=C4)Cl)C,LSM-6334,3,1,1,uM,BRD-K08109215,GSK525762A,3,h,trt_cp,DMSO,L2X+SF8+PF9+LLB+OSF+RMN,46943432,NA,1.0
PP3-3D167-028C04,PC3,C20150428_PC3_T1-cmpds_P-0018_C04_DIA_acq_01.raw,1,P-0018,C4,CCS(=O)(=O)N1CCC(CC1)[C@@H](C)N2C(=C(C3=CC=CC=C32)C(=O)NCC4=C(C=C(NC4=O)C)OC)C,LSM-42750,11,1,1,uM,BRD-A48881734,CPI-169,3,h,trt_cp,DMSO,L2X+SF8+PF9+LLB+OSF+RMN,71712226,NA,1.0
PP3-3D167-031C07,PC3,C20150428_PC3_T1-cmpds_P-0018_C07_DIA_acq_01.raw,1,P-0018,C7,C[C@H](C=C(C)C=CC(=O)NO)C(=O)C1=CC=C(C=C1)N(C)C,LSM-3524,19,1,1,uM,BRD-A19037878,trichostatin A,3,h,trt_cp,DMSO,L2X+SF8+PF9+LLB+OSF+RMN,105115,NA,1.0
PP3-3D167-034C10,PC3,C20150428_PC3_T1-cmpds_P-0018_C10_DIA_acq_01.raw,1,P-0018,C10,C1CC(C2=C(C1)C3=C(N2)C=CC(=C3)Cl)C(=O)N,LSM-36370,27,1,10,uM,BRD-K76964878,EX527,3,h,trt_cp,DMSO,L2X+SF8+PF9+LLB+OSF+RMN,5113032,NA,10.0
PP3-3D167-037D01,PC3,C20150428_PC3_T1-cmpds_P-0018_D01_DIA_acq_01.raw,1,P-0018,D1,CC1=C(SC2=C1C(=N[C@H](C3=NN=C(N32)C)CC(=O)OC(C)(C)C)C4=CC=C(C=C4)Cl)C,LSM-6332,4,1,1,uM,BRD-K54606188,JQ1-S,3,h,trt_cp,DMSO,L2X+SF8+PF9+LLB+OSF+RMN,46907787,NA,1.0
PP3-3D167-040D04,PC3,C20150428_PC3_T1-cmpds_P-0018_D04_DIA_acq_01.raw,1,P-0018,D4,CC(C)N1CCCN(CC1)C2=NC3=CC(=C(C=C3C(=N2)NC4CCN(CC4)C5CCCCC5)OC)OCCCN6CCCCC6,LSM-36368,12,1,0.5,uM,BRD-K87465484,UNC-0646,3,h,trt_cp,DMSO,L2X+SF8+PF9+LLB+OSF+RMN,53315882,NA,1.0
PP3-3D167-043D07,PC3,C20150428_PC3_T1-cmpds_P-0018_D07_DIA_acq_01.raw,1,P-0018,D7,C1=CC=C(C=C1)NS(=O)(=O)C2=CC=CC(=C2)C=CC(=O)NO,LSM-5351,20,1,10,uM,BRD-K17743125,belinostat,3,h,trt_cp,DMSO,L2X+SF8+PF9+LLB+OSF+RMN,53437714,NA,10.0
PP3-3D167-046D10,PC3,C20150428_PC3_T1-cmpds_P-0018_D10_DIA_acq_01.raw,1,P-0018,D10,CC(C1=CC=CC=C1)C(=O)NC2=CC=CC(=C2)NC=C3C(=O)C=CC4=CC=CC=C43,LSM-5123,28,1,10,uM,BRD-A67788537,salermide,3,h,trt_cp,DMSO,L2X+SF8+PF9+LLB+OSF+RMN,53393948,NA,10.0
PP3-3D167-049E01,PC3,C20150428_PC3_T1-cmpds_P-0018_E01_DIA_acq_01.raw,1,P-0018,E1,C1=CN(C(=O)N=C1)[C@H]2[C@@H]([C@@H]([C@H](O2)CO)O)O,LSM-36362,5,1,10,uM,BRD-K87714311,zebularine,3,h,trt_cp,DMSO,L2X+SF8+PF9+LLB+OSF+RMN,100016,NA,10.0
PP3-3D167-052E04,PC3,C20150428_PC3_T1-cmpds_P-0018_E04_DIA_acq_01.raw,1,P-0018,E4,CN1CCCN(CC1)C2=NC3=CC(=C(C=C3C(=N2)NC4CCN(CC4)C)OC)OCCOCCN(C)C,LSM-4942,13,1,10,uM,BRD-K74236984,UNC-0321,3,h,trt_cp,DMSO,L2X+SF8+PF9+LLB+OSF+RMN,46901937,NA,10.0
PP3-3D167-055E07,PC3,C20150428_PC3_T1-cmpds_P-0018_E07_DIA_acq_01.raw,1,P-0018,E7,COC(=O)C=CC(=O)N(CCCCNCC1=CC=C(C=C1)COC(=O)NC2=CC=CC3=CC=CC=C32)O,LSM-6330,21,1,10,uM,BRD-K52560704,methylstat,3,h,trt_cp,DMSO,L2X+SF8+PF9+LLB+OSF+RMN,76033918,NA,10.0
PP3-3D167-058E10,PC3,C20150428_PC3_T1-cmpds_P-0018_E10_DIA_acq_01.raw,1,P-0018,E10,C[C@H]1C[C@@H]([C@@H]([C@H](C=C([C@@H]([C@H](C=CC=C(C(=O)NC2=CC(=O)C(=C(C1)C2=O)OC)C)OC)OC(=O)N)C)C)O)OC,LSM-1108,29,1,2,uM,BRD-K11528507,geldanamycin,3,h,trt_cp,DMSO,L2X+SF8+PF9+LLB+OSF+RMN,644250,NA,1.0
PP3-3D167-061F01,PC3,C20150428_PC3_T1-cmpds_P-0018_F01_DIA_acq_01.raw,1,P-0018,F1,C1[C@@H]([C@H](O[C@H]1N2C=NC(=NC2=O)N)CO)O,LSM-5855,6,1,10,uM,BRD-K79254416,decitabine,3,h,trt_cp,DMSO,L2X+SF8+PF9+LLB+OSF+RMN,451668,NA,10.0
PP3-3D167-064F04,PC3,C20150428_PC3_T1-cmpds_P-0018_F04_DIA_acq_01.raw,1,P-0018,F4,COC1=CC=C(C=C1)C(=O)OC2=CC=C(C=C2)CCN3C4=C(C=C(C=C4)C(=O)O)N=C3NC(=O)C5=CC=C(C=C5)C(F)(F)F,LSM-4923,14,1,10,uM,BRD-K26863634,BIX-01338,3,h,trt_cp,DMSO,L2X+SF8+PF9+LLB+OSF+RMN,56676725,NA,10.0
PP3-3D167-067F07,PC3,C20150522_PC3_T1-cmpds_P-0018_F07_DIA_acq_02.raw,1,P-0018,F7,CCOC(=O)CCNC1=NC(=NC(=C1)N2CCC3=CC=CC=C3CC2)C4=CC=CC=N4,LSM-6328,22,1,5,uM,BRD-K98203492,GSK-J4,3,h,trt_cp,DMSO,L2X+SF8+PF9+LLB+OSF+RMN,71729975,NA,10.0
PP3-3D167-070F10,PC3,C20150428_PC3_T1-cmpds_P-0018_F10_DIA_acq_01.raw,1,P-0018,F10,C[C@@H]1CC[C@H]2C[C@@H](C(=CC=CC=C[C@H](C[C@H](C(=O)[C@@H]([C@@H](C(=C[C@H](C(=O)C[C@H](OC(=O)[C@@H]3CCCCN3C(=O)C(=O)[C@@]1(O2)O)[C@H](C)C[C@@H]4CC[C@H]([C@@H](C4)OC)O)C)C)O)OC)C)C)C)OC,LSM-4886,30,1,1,uM,BRD-A79768653,sirolimus,3,h,trt_cp,DMSO,L2X+SF8+PF9+LLB+OSF+RMN,478951,NA,1.0
PP3-3D167-073G01,PC3,C20150428_PC3_T1-cmpds_P-0018_G01_DIA_acq_01.raw,1,P-0018,G1,CC(C)N(C[C@@H]1[C@H]([C@H]([C@@H](O1)N2C=NC3=C2N=CN=C3N)O)O)C4CC(C4)CCC5=NC6=C(N5)C=C(C=C6)C(C)(C)C,LSM-36363,7,1,10,uM,BRD-A69563582,EPZ-5676,3,h,trt_cp,DMSO,L2X+SF8+PF9+LLB+OSF+RMN,57345410,NA,10.0
PP3-3D167-076G04,PC3,C20150428_PC3_T1-cmpds_P-0018_G04_DIA_acq_01.raw,1,P-0018,G4,CN1CCCN(CC1)C2=NC3=CC(=C(C=C3C(=N2)NC4CCN(CC4)CC5=CC=CC=C5)OC)OC,LSM-4571,15,1,10,uM,BRD-K26818574,BIX-01294,3,h,trt_cp,DMSO,L2X+SF8+PF9+LLB+OSF+RMN,25150857,NA,10.0
PP3-3D167-079G07,PC3,C20150522_PC3_T1-cmpds_P-0018_G07_DIA_acq_02.raw,1,P-0018,G7,C1CCN(C1)C2CCN(CC2)C(=O)C3=CC(=C(C=C3)C(=O)N4CCC(CC4)N5CCCC5)NC6=CC=CC=C6,LSM-6338,23,1,1,uM,BRD-K83189926,UNC1215,3,h,trt_cp,DMSO,L2X+SF8+PF9+LLB+OSF+RMN,57339144,NA,1.0
PP3-3D167-085H01,PC3,C20150428_PC3_T1-cmpds_P-0018_H01_DIA_acq_01.raw,1,P-0018,H1,CC(C)N(CCCNC(=O)NC1=CC=C(C=C1)C(C)(C)C)C[C@@H]2[C@H]([C@H]([C@@H](O2)N3C=CC4=C3N=CN=C4N)O)O,LSM-36364,8,1,3,uM,BRD-A65730376,EPZ004777,3,h,trt_cp,DMSO,L2X+SF8+PF9+LLB+OSF+RMN,56962336,NA,1.0
PP3-3D167-088H04,PC3,C20150428_PC3_T1-cmpds_P-0018_H04_DIA_acq_01.raw,1,P-0018,H4,C1=CC=C(C=C1)NC(=O)CCCCCCC(=O)NO,LSM-3828,16,1,1,uM,BRD-K81418486,vorinostat,3,h,trt_cp,DMSO,L2X+SF8+PF9+LLB+OSF+RMN,5311,NA,1.0
PP3-3D167-091H07,PC3,C20150522_PC3_T1-cmpds_P-0018_H07_DIA_acq_02.raw,1,P-0018,H7,CCCC1=CC2=C(N=CN=C2S1)N3CCN(CC3)C4=NCC(S4)(C)C,LSM-36369,24,1,12,uM,BRD-K90860366,1271738-62-5,3,h,trt_cp,DMSO,L2X+SF8+PF9+LLB+OSF+RMN,54765302,NA,10.0
PP3-3D167-094H10,PC3,C20150428_PC3_T1-cmpds_P-0018_H10_DIA_acq_01.raw,1,P-0018,H10,C1COCCN1C2=CC(=O)C3=C(O2)C(=CC=C3)C4=CC=CC=C4,LSM-2597,32,1,10,uM,BRD-K27305650,LY-294002,3,h,trt_cp,DMSO,L2X+SF8+PF9+LLB+OSF+RMN,3973,NA,10.0
PA9-9D7B-001A01,A549,C20150616_A549_T1_cmpds_P-0019_A01_DIA_acq_01.raw,1,P-0019,A1,CS(=O)C,LSM-36361,1,1,0,uM,DMSO,DMSO,3,h,ctrl_vehicle,DMSO,L2X+SF8+PF9+LLB+OSF+RMN,679,NA,0.0
PA9-9D7B-004A04,A549,C20150616_A549_T1_cmpds_P-0019_A04_DIA_acq_01.raw,1,P-0019,A4,CC[C@H](C)N1C=C(C2=C(C=C(C=C21)C3=CN=C(C=C3)N4CCNCC4)C(=O)NCC5=C(C=C(NC5=O)C)C)C,LSM-36365,9,1,1,uM,BRD-A14634327,gsk126,3,h,trt_cp,DMSO,L2X+SF8+PF9+LLB+OSF+RMN,68210102,NA,1.0
PA9-9D7B-007A07,A549,C20150616_A549_T1_cmpds_P-0019_A07_DIA_acq_01.raw,1,P-0019,A7,C1=CC=C(C(=C1)N)NC(=O)C2=CC=C(C=C2)CNC(=O)OCC3=CN=CC=C3,LSM-4811,17,1,2,uM,BRD-K77908580,MS-275,3,h,trt_cp,DMSO,L2X+SF8+PF9+LLB+OSF+RMN,4261,NA,1.0
PA9-9D7B-010A10,A549,C20150616_A549_T1_cmpds_P-0019_A10_DIA_acq_01.raw,1,P-0019,A10,COC1=CC=CC2=CC(=C3C4=C(N=CNN4C(=N3)C5CCC(CC5)C(=O)O)N)N=C21,LSM-1063,25,1,2,uM,BRD-K94294671,OSI-027,3,h,trt_cp,DMSO,L2X+SF8+PF9+LLB+OSF+RMN,56965966,NA,1.0
PA9-9D7B-013B01,A549,C20150616_A549_T1_cmpds_P-0019_B01_DIA_acq_01.raw,1,P-0019,B1,CC1=C(C(=NO1)C)C2=C(C=C3C(=C2)N=CC4=C3N(C(=O)N4)[C@H](C)C5=CC=CC=N5)OC,LSM-6335,2,1,1,uM,BRD-K36363294,GSK1210151A,3,h,trt_cp,DMSO,L2X+SF8+PF9+LLB+OSF+RMN,52912189,NA,1.0
PA9-9D7B-016B04,A549,C20150616_A549_T1_cmpds_P-0019_B04_DIA_acq_01.raw,1,P-0019,B4,CC1=CC(=C(C(=O)N1)CNC(=O)C2=C3C=NN(C3=CC(=C2)C4=CC=C(C=C4)CN5CCOCC5)C6CCCC6)C,LSM-36366,10,1,6,uM,BRD-K57754230,EPZ-5687,3,h,trt_cp,DMSO,L2X+SF8+PF9+LLB+OSF+RMN,60160561,NA,10.0
PA9-9D7B-019B07,A549,C20150616_A549_T1_cmpds_P-0019_B07_DIA_acq_01.raw,1,P-0019,B7,CC(=O)NC1=CC=C(C=C1)C(=O)NC2=CC=CC=C2N,LSM-19036,18,1,2,uM,BRD-K52313696,CI-994,3,h,trt_cp,DMSO,L2X+SF8+PF9+LLB+OSF+RMN,2746,NA,1.0
PA9-9D7B-022B10,A549,C20150616_A549_T1_cmpds_P-0019_B10_DIA_acq_01.raw,1,P-0019,B10,C1=CC(=CC=C1C=CC2=CC(=CC(=C2)O)O)O,LSM-2557,26,1,10,uM,BRD-K80738081,Resveratrol,3,h,trt_cp,DMSO,L2X+SF8+PF9+LLB+OSF+RMN,5056,NA,10.0
PA9-9D7B-025C01,A549,C20150616_A549_T1_cmpds_P-0019_C01_DIA_acq_01.raw,1,P-0019,C1,CCNC(=O)C[C@H]1C2=NN=C(N2C3=C(C=C(C=C3)OC)C(=N1)C4=CC=C(C=C4)Cl)C,LSM-6334,3,1,1,uM,BRD-K08109215,GSK525762A,3,h,trt_cp,DMSO,L2X+SF8+PF9+LLB+OSF+RMN,46943432,NA,1.0
PA9-9D7B-028C04,A549,C20150616_A549_T1_cmpds_P-0019_C04_DIA_acq_01.raw,1,P-0019,C4,CCS(=O)(=O)N1CCC(CC1)[C@@H](C)N2C(=C(C3=CC=CC=C32)C(=O)NCC4=C(C=C(NC4=O)C)OC)C,LSM-42750,11,1,1,uM,BRD-A48881734,CPI-169,3,h,trt_cp,DMSO,L2X+SF8+PF9+LLB+OSF+RMN,71712226,NA,1.0
PA9-9D7B-031C07,A549,C20150616_A549_T1_cmpds_P-0019_C07_DIA_acq_01.raw,1,P-0019,C7,C[C@H](C=C(C)C=CC(=O)NO)C(=O)C1=CC=C(C=C1)N(C)C,LSM-3524,19,1,1,uM,BRD-A19037878,trichostatin A,3,h,trt_cp,DMSO,L2X+SF8+PF9+LLB+OSF+RMN,105115,NA,1.0
PA9-9D7B-034C10,A549,C20150616_A549_T1_cmpds_P-0019_C10_DIA_acq_01.raw,1,P-0019,C10,C1CC(C2=C(C1)C3=C(N2)C=CC(=C3)Cl)C(=O)N,LSM-36370,27,1,10,uM,BRD-K76964878,EX527,3,h,trt_cp,DMSO,L2X+SF8+PF9+LLB+OSF+RMN,5113032,NA,10.0
PA9-9D7B-037D01,A549,C20150616_A549_T1_cmpds_P-0019_D01_DIA_acq_01.raw,1,P-0019,D1,CC1=C(SC2=C1C(=N[C@H](C3=NN=C(N32)C)CC(=O)OC(C)(C)C)C4=CC=C(C=C4)Cl)C,LSM-6332,4,1,1,uM,BRD-K54606188,JQ1-S,3,h,trt_cp,DMSO,L2X+SF8+PF9+LLB+OSF+RMN,46907787,NA,1.0
PA9-9D7B-040D04,A549,C20150616_A549_T1_cmpds_P-0019_D04_DIA_acq_01.raw,1,P-0019,D4,CC(C)N1CCCN(CC1)C2=NC3=CC(=C(C=C3C(=N2)NC4CCN(CC4)C5CCCCC5)OC)OCCCN6CCCCC6,LSM-36368,12,1,0.5,uM,BRD-K87465484,UNC-0646,3,h,trt_cp,DMSO,L2X+SF8+PF9+LLB+OSF+RMN,53315882,NA,1.0
PA9-9D7B-043D07,A549,C20150616_A549_T1_cmpds_P-0019_D07_DIA_acq_01.raw,1,P-0019,D7,C1=CC=C(C=C1)NS(=O)(=O)C2=CC=CC(=C2)C=CC(=O)NO,LSM-5351,20,1,10,uM,BRD-K17743125,belinostat,3,h,trt_cp,DMSO,L2X+SF8+PF9+LLB+OSF+RMN,53437714,NA,10.0
PA9-9D7B-046D10,A549,C20150616_A549_T1_cmpds_P-0019_D10_DIA_acq_01.raw,1,P-0019,D10,CC(C1=CC=CC=C1)C(=O)NC2=CC=CC(=C2)NC=C3C(=O)C=CC4=CC=CC=C43,LSM-5123,28,1,10,uM,BRD-A67788537,salermide,3,h,trt_cp,DMSO,L2X+SF8+PF9+LLB+OSF+RMN,53393948,NA,10.0
PA9-9D7B-050E02,A549,C20150616_A549_T1_cmpds_P-0019_E02_DIA_acq_01.raw,1,P-0019,E2,C1=CN(C(=O)N=C1)[C@H]2[C@@H]([C@@H]([C@H](O2)CO)O)O,LSM-36362,5,2,10,uM,BRD-K87714311,zebularine,3,h,trt_cp,DMSO,L2X+SF8+PF9+LLB+OSF+RMN,100016,NA,10.0
PA9-9D7B-052E04,A549,C20150616_A549_T1_cmpds_P-0019_E04_DIA_acq_01.raw,1,P-0019,E4,CN1CCCN(CC1)C2=NC3=CC(=C(C=C3C(=N2)NC4CCN(CC4)C)OC)OCCOCCN(C)C,LSM-4942,13,1,10,uM,BRD-K74236984,UNC-0321,3,h,trt_cp,DMSO,L2X+SF8+PF9+LLB+OSF+RMN,46901937,NA,10.0
PA9-9D7B-055E07,A549,C20150616_A549_T1_cmpds_P-0019_E07_DIA_acq_01.raw,1,P-0019,E7,COC(=O)C=CC(=O)N(CCCCNCC1=CC=C(C=C1)COC(=O)NC2=CC=CC3=CC=CC=C32)O,LSM-6330,21,1,10,uM,BRD-K52560704,methylstat,3,h,trt_cp,DMSO,L2X+SF8+PF9+LLB+OSF+RMN,76033918,NA,10.0
PA9-9D7B-058E10,A549,C20150616_A549_T1_cmpds_P-0019_E10_DIA_acq_01.raw,1,P-0019,E10,C[C@H]1C[C@@H]([C@@H]([C@H](C=C([C@@H]([C@H](C=CC=C(C(=O)NC2=CC(=O)C(=C(C1)C2=O)OC)C)OC)OC(=O)N)C)C)O)OC,LSM-1108,29,1,2,uM,BRD-K11528507,geldanamycin,3,h,trt_cp,DMSO,L2X+SF8+PF9+LLB+OSF+RMN,644250,NA,1.0
PA9-9D7B-061F01,A549,C20150616_A549_T1_cmpds_P-0019_F01_DIA_acq_01.raw,1,P-0019,F1,C1[C@@H]([C@H](O[C@H]1N2C=NC(=NC2=O)N)CO)O,LSM-5855,6,1,10,uM,BRD-K79254416,decitabine,3,h,trt_cp,DMSO,L2X+SF8+PF9+LLB+OSF+RMN,451668,NA,10.0
PA9-9D7B-064F04,A549,C20150616_A549_T1_cmpds_P-0019_F04_DIA_acq_01.raw,1,P-0019,F4,COC1=CC=C(C=C1)C(=O)OC2=CC=C(C=C2)CCN3C4=C(C=C(C=C4)C(=O)O)N=C3NC(=O)C5=CC=C(C=C5)C(F)(F)F,LSM-4923,14,1,10,uM,BRD-K26863634,BIX-01338,3,h,trt_cp,DMSO,L2X+SF8+PF9+LLB+OSF+RMN,56676725,NA,10.0
PA9-9D7B-067F07,A549,C20150616_A549_T1_cmpds_P-0019_F07_DIA_acq_01.raw,1,P-0019,F7,CCOC(=O)CCNC1=NC(=NC(=C1)N2CCC3=CC=CC=C3CC2)C4=CC=CC=N4,LSM-6328,22,1,5,uM,BRD-K98203492,GSK-J4,3,h,trt_cp,DMSO,L2X+SF8+PF9+LLB+OSF+RMN,71729975,NA,10.0
PA9-9D7B-070F10,A549,C20150616_A549_T1_cmpds_P-0019_F10_DIA_acq_01.raw,1,P-0019,F10,C[C@@H]1CC[C@H]2C[C@@H](C(=CC=CC=C[C@H](C[C@H](C(=O)[C@@H]([C@@H](C(=C[C@H](C(=O)C[C@H](OC(=O)[C@@H]3CCCCN3C(=O)C(=O)[C@@]1(O2)O)[C@H](C)C[C@@H]4CC[C@H]([C@@H](C4)OC)O)C)C)O)OC)C)C)C)OC,LSM-4886,30,1,1,uM,BRD-A79768653,sirolimus,3,h,trt_cp,DMSO,L2X+SF8+PF9+LLB+OSF+RMN,478951,NA,1.0
PA9-9D7B-073G01,A549,C20150616_A549_T1_cmpds_P-0019_G01_DIA_acq_01.raw,1,P-0019,G1,CC(C)N(C[C@@H]1[C@H]([C@H]([C@@H](O1)N2C=NC3=C2N=CN=C3N)O)O)C4CC(C4)CCC5=NC6=C(N5)C=C(C=C6)C(C)(C)C,LSM-36363,7,1,10,uM,BRD-A69563582,EPZ-5676,3,h,trt_cp,DMSO,L2X+SF8+PF9+LLB+OSF+RMN,57345410,NA,10.0
PA9-9D7B-076G04,A549,C20150616_A549_T1_cmpds_P-0019_G04_DIA_acq_01.raw,1,P-0019,G4,CN1CCCN(CC1)C2=NC3=CC(=C(C=C3C(=N2)NC4CCN(CC4)CC5=CC=CC=C5)OC)OC,LSM-4571,15,1,10,uM,BRD-K26818574,BIX-01294,3,h,trt_cp,DMSO,L2X+SF8+PF9+LLB+OSF+RMN,25150857,NA,10.0
PA9-9D7B-079G07,A549,C20150616_A549_T1_cmpds_P-0019_G07_DIA_acq_01.raw,1,P-0019,G7,C1CCN(C1)C2CCN(CC2)C(=O)C3=CC(=C(C=C3)C(=O)N4CCC(CC4)N5CCCC5)NC6=CC=CC=C6,LSM-6338,23,1,1,uM,BRD-K83189926,UNC1215,3,h,trt_cp,DMSO,L2X+SF8+PF9+LLB+OSF+RMN,57339144,NA,1.0
PA9-9D7B-082G10,A549,C20150616_A549_T1_cmpds_P-0019_G10_DIA_acq_01.raw,1,P-0019,G10,C[C@@]12[C@@H]([C@@H](C[C@@H](O1)N3C4=CC=CC=C4C5=C6C(=C7C8=CC=CC=C8N2C7=C53)CNC6=O)NC)OC,LSM-1103,31,1,1,uM,BRD-K17953061,staurosporine,3,h,trt_cp,DMSO,L2X+SF8+PF9+LLB+OSF+RMN,44259,NA,1.0
PA9-9D7B-085H01,A549,C20150616_A549_T1_cmpds_P-0019_H01_DIA_acq_01.raw,1,P-0019,H1,CC(C)N(CCCNC(=O)NC1=CC=C(C=C1)C(C)(C)C)C[C@@H]2[C@H]([C@H]([C@@H](O2)N3C=CC4=C3N=CN=C4N)O)O,LSM-36364,8,1,3,uM,BRD-A65730376,EPZ004777,3,h,trt_cp,DMSO,L2X+SF8+PF9+LLB+OSF+RMN,56962336,NA,1.0
PA9-9D7B-088H04,A549,C20150616_A549_T1_cmpds_P-0019_H04_DIA_acq_01.raw,1,P-0019,H4,C1=CC=C(C=C1)NC(=O)CCCCCCC(=O)NO,LSM-3828,16,1,1,uM,BRD-K81418486,vorinostat,3,h,trt_cp,DMSO,L2X+SF8+PF9+LLB+OSF+RMN,5311,NA,1.0
PA9-9D7B-091H07,A549,C20150616_A549_T1_cmpds_P-0019_H07_DIA_acq_01.raw,1,P-0019,H7,CCCC1=CC2=C(N=CN=C2S1)N3CCN(CC3)C4=NCC(S4)(C)C,LSM-36369,24,1,12,uM,BRD-K90860366,1271738-62-5,3,h,trt_cp,DMSO,L2X+SF8+PF9+LLB+OSF+RMN,54765302,NA,10.0
PA9-9D7B-094H10,A549,C20150616_A549_T1_cmpds_P-0019_H10_DIA_acq_01.raw,1,P-0019,H10,C1COCCN1C2=CC(=O)C3=C(O2)C(=CC=C3)C4=CC=CC=C4,LSM-2597,32,1,10,uM,BRD-K27305650,LY-294002,3,h,trt_cp,DMSO,L2X+SF8+PF9+LLB+OSF+RMN,3973,NA,10.0
PNC-28AF-004A04,NPC,C20150708_NPC_T2_cmpds_P-0020_A04_DIA_acq_01.raw,2,P-0020,A4,CC1=C(C(CCC1)(C)C)C=CC(=CC=CC(=CC(=O)O)C)C,LSM-2135,9,1,3,uM,BRD-K64634304,tretinoin,3,h,trt_cp,DMSO,L2X+SF8+PF9+LLB+OSF+GMN,5538,NA,1.0
PNC-28AF-007A07,NPC,C20150708_NPC_T2_cmpds_P-0020_A07_DIA_acq_01.raw,2,P-0020,A7,CN([C@@H](CC1=CC=C(C=C1)OS(=O)(=O)C2=CC=CC3=C2C=CN=C3)C(=O)N4CCN(CC4)C5=CC=CC=C5)S(=O)(=O)C6=CC=CC7=C6C=CN=C7,LSM-42755,17,1,10,uM,BRD-A81177136,KN-62,3,h,trt_cp,DMSO,L2X+SF8+PF9+LLB+OSF+GMN,5312126,NA,10.0
PNC-28AF-010A10,NPC,C20150708_NPC_T2_cmpds_P-0020_A10_DIA_acq_01.raw,2,P-0020,A10,C1COCCN1C2=CC=C(C=C2)NC3=NC=CC(=N3)C4=CC=C(C=C4)C(=O)NCC#N,LSM-1141,25,1,1,uM,BRD-K87737963,momelotinib,3,h,trt_cp,DMSO,L2X+SF8+PF9+LLB+OSF+GMN,25062766,NA,1.0
PNC-28AF-013B01,NPC,C20150708_NPC_T2_cmpds_P-0020_B01_DIA_acq_01.raw,1,P-0020,B1,C[C@@H]1OC[C@@H]2[C@@H](O1)[C@@H]([C@H]([C@@H](O2)O[C@H]3[C@H]4COC(=O)[C@@H]4[C@@H](C5=CC6=C(C=C35)OCO6)C7=CC(=C(C(=C7)OC)O)OC)O)O,LSM-6348,2,1,5,uM,BRD-K37798499,Etoposide,3,h,trt_cp,DMSO,L2X+SF8+PF9+LLB+OSF+GMN,36462,NA,10.0
PNC-28AF-016B04,NPC,C20150708_NPC_T2_cmpds_P-0020_B04_DIA_acq_01.raw,2,P-0020,B4,COC1=C(C=CC(=C1)C=CC(=O)CC(=O)C=CC2=CC(=C(C=C2)O)OC)O,LSM-4521,10,1,1,uM,BRD-K74148702,curcumin,3,h,trt_cp,DMSO,L2X+SF8+PF9+LLB+OSF+GMN,2889,NA,1.0
PNC-28AF-019B07,NPC,C20150708_NPC_T2_cmpds_P-0020_B07_DIA_acq_01.raw,2,P-0020,B7,CC(C)C[C@@H](C(=O)NC(CC(C)C)C(=O)NC(CCSC)C=O)NC(=O)C,LSM-42756,18,1,5,uM,BRD-A72575012,calpain inhibitor II,3,h,trt_cp,DMSO,L2X+SF8+PF9+LLB+OSF+GMN,16218939,NA,10.0
PNC-28AF-022B10,NPC,C20150708_NPC_T2_cmpds_P-0020_B10_DIA_acq_01.raw,2,P-0020,B10,C1(=C(C2=NNN=C2C(=C1Br)Br)Br)Br,LSM-4192,26,1,25,uM,BRD-K97118047,TBB,3,h,trt_cp,DMSO,L2X+SF8+PF9+LLB+OSF+GMN,1694,NA,10.0
PNC-28AF-025C01,NPC,C20150708_NPC_T2_cmpds_P-0020_C01_DIA_acq_01.raw,1,P-0020,C1,C1COCCN1C2=CC(=O)C=C(O2)C3=C4C(=CC=C3)SC5=CC=CC=C5S4,LSM-1074,3,1,10,uM,BRD-K25311561,KU-55933,3,h,trt_cp,DMSO,L2X+SF8+PF9+LLB+OSF+GMN,5278396,NA,10.0
PNC-28AF-028C04,NPC,C20150708_NPC_T2_cmpds_P-0020_C04_DIA_acq_01.raw,2,P-0020,C4,C[C@@H](C(=O)N[C@H]1C2=CC=CC=C2CCN(C1=O)C)NC(=O)[C@H](C(C)C)O,LSM-42753,11,1,10,uM,BRD-K65592642,semagacestat,3,h,trt_cp,DMSO,L2X+SF8+PF9+LLB+OSF+GMN,9843750,NA,10.0
PNC-28AF-031C07,NPC,C20150708_NPC_T2_cmpds_P-0020_C07_DIA_acq_01.raw,2,P-0020,C7,CC1=C(C=C(C(=C1)C2=CC=C(O2)C=C3C(=NN(C3=O)C4=CC=C(C=C4)C(=O)O)C)[N+](=O)[O-])C,LSM-6264,19,1,25,uM,BRD-K68548958,C646 (CHEMBL1797936),3,h,trt_cp,DMSO,L2X+SF8+PF9+LLB+OSF+GMN,2871948,NA,10.0
PNC-28AF-034C10,NPC,C20150708_NPC_T2_cmpds_P-0020_C10_DIA_acq_01.raw,2,P-0020,C10,CC[C@H](CO)NC1=NC2=C(C(=N1)NCC3=CC=CC=C3)N=CN2C(C)C,LSM-1001,27,1,10,uM,BRD-K07691486,Roscovitine,3,h,trt_cp,DMSO,L2X+SF8+PF9+LLB+OSF+GMN,160355,NA,10.0
PNC-28AF-037D01,NPC,C20150708_NPC_T2_cmpds_P-0020_D01_DIA_acq_01.raw,1,P-0020,D1,C1=CC=C2C(=C1)C3=NC4=NON=C4N=C3C2=O,LSM-42773,4,1,10,uM,BRD-K92960067,SMER-3,3,h,trt_cp,DMSO,L2X+SF8+PF9+LLB+OSF+GMN,568763,NA,10.0
PNC-28AF-040D04,NPC,C20150708_NPC_T2_cmpds_P-0020_D04_DIA_acq_01.raw,2,P-0020,D4,C[C@@H]1C[C@H]2[C@@H]3CCC4=CC(=O)C=C[C@@]4([C@]3([C@H](C[C@@]2([C@]1(C(=O)CO)O)C)O)F)C,LSM-5512,12,1,10,uM,BRD-A35108200,dexamethasone,3,h,trt_cp,DMSO,L2X+SF8+PF9+LLB+OSF+GMN,5743,NA,10.0
PNC-28AF-043D07,NPC,C20150708_NPC_T2_cmpds_P-0020_D07_DIA_acq_01.raw,2,P-0020,D7,C[C@@H](C(=O)N[C@@H]1C(=O)N(C2=CC=CC=C2C(=N1)C3=CC=CC=C3)C)NC(=O)CC4=CC(=CC(=C4)F)F,LSM-42757,20,1,0.1,uM,BRD-A55453956,Compound E,3,h,trt_cp,DMSO,L2X+SF8+PF9+LLB+OSF+GMN,11306390,NA,0.1
PNC-28AF-046D10,NPC,C20150708_NPC_T2_cmpds_P-0020_D10_DIA_acq_01.raw,2,P-0020,D10,COC1=C(C=C(C=C1)C2CC(=O)NC2)OC3CCCC3,LSM-1471,28,1,1,uM,BRD-A34255068,Rolipram,3,h,trt_cp,DMSO,L2X+SF8+PF9+LLB+OSF+GMN,5092,NA,1.0
PNC-28AF-049E01,NPC,C20150708_NPC_T2_cmpds_P-0020_E01_DIA_acq_01.raw,1,P-0020,E1,C1CCC(C1)[C@@H](CC#N)N2C=C(C=N2)C3=C4C=CNC4=NC=N3,LSM-1139,5,1,0.5,uM,BRD-K53972329,ruxolitinib,3,h,trt_cp,DMSO,L2X+SF8+PF9+LLB+OSF+GMN,25126798,NA,1.0
PNC-28AF-052E04,NPC,C20150708_NPC_T2_cmpds_P-0020_E04_DIA_acq_01.raw,2,P-0020,E4,C1CC1C(=O)N2CCN(CC2)C(=O)C3=C(C=CC(=C3)CC4=NNC(=O)C5=CC=CC=C54)F,LSM-1145,13,1,1.5,uM,BRD-K02113016,Olaparib,3,h,trt_cp,DMSO,L2X+SF8+PF9+LLB+OSF+GMN,23725625,NA,1.0
PNC-28AF-055E07,NPC,C20150708_NPC_T2_cmpds_P-0020_E07_DIA_acq_01.raw,2,P-0020,E7,CN(CC=CC1=CC=C(C=C1)Cl)CC2=CC=CC=C2N(CCO)S(=O)(=O)C3=CC=C(C=C3)OC,LSM-1217,21,1,0.1,uM,BRD-K93480852,KN-93,3,h,trt_cp,DMSO,L2X+SF8+PF9+LLB+OSF+GMN,3837,NA,0.1
PNC-28AF-058E10,NPC,C20150708_NPC_T2_cmpds_P-0020_E10_DIA_acq_01.raw,2,P-0020,E10,C1=CC=C(C=C1)C=CCN2C=C(C=N2)C=CC(=O)NC3=C(C=C(C=C3)F)N,LSM-42760,29,1,3.5,uM,BRD-K61688984,RGFP966,3,h,trt_cp,DMSO,L2X+SF8+PF9+LLB+OSF+GMN,68294530,NA,10.0
PNC-28AF-061F01,NPC,C20150708_NPC_T2_cmpds_P-0020_F01_DIA_acq_01.raw,1,P-0020,F1,C1=CC(=C(C=C1[N+](=O)[O-])Cl)NC(=O)C2=C(C=CC(=C2)Cl)O,LSM-2787,6,1,3,uM,BRD-K35960502,niclosamide,3,h,trt_cp,DMSO,L2X+SF8+PF9+LLB+OSF+GMN,4477,NA,1.0
PNC-28AF-064F04,NPC,C20150708_NPC_T2_cmpds_P-0020_F04_DIA_acq_01.raw,2,P-0020,F4,C[C@H]1CC(=CC=C[C@@H]([C@H](OC(=O)C(=CC(=C[C@H]([C@H]1O)C)C)OC)[C@@H](C)[C@H]([C@H](C)[C@]2(C[C@H]([C@@H]([C@H](O2)C(C)C)C)O)O)O)OC)C,LSM-42754,14,1,0.05,uM,BRD-K86787118,bafilomycin A1,3,h,trt_cp,DMSO,L2X+SF8+PF9+LLB+OSF+GMN,72947,NA,0.1
PNC-28AF-067F07,NPC,C20150708_NPC_T2_cmpds_P-0020_F07_DIA_acq_01.raw,2,P-0020,F7,C1=CC(=C(C=C1C2=C(C(=O)C3=C(O2)C(=C(C=C3O)O)O)O)O)O,LSM-36971,22,1,10,uM,BRD-K06692906,Gossypetin,3,h,trt_cp,DMSO,L2X+SF8+PF9+LLB+OSF+GMN,5280647,NA,10.0
PNC-28AF-070F10,NPC,C20150708_NPC_T2_cmpds_P-0020_F10_DIA_acq_01.raw,2,P-0020,F10,CN1CCN(CC1)C2=NC3=CC=CC=C3C(=N2)C4=C(C(=O)NC4=O)C5=CNC6=CC=CC=C65,LSM-42761,30,1,10,uM,BRD-K16761703,sotrastaurin,3,h,trt_cp,DMSO,L2X+SF8+PF9+LLB+OSF+GMN,10296883,NA,10.0
PNC-28AF-073G01,NPC,C20150708_NPC_T2_cmpds_P-0020_G01_DIA_acq_01.raw,1,P-0020,G1,C1CN(CCC1N2C3=CC=CC=C3NC2=O)CCNC(=O)C4=CC5=CC=CC=C5C=C4,LSM-42752,7,1,1,uM,BRD-K31406481,VU0155056,3,h,trt_cp,DMSO,L2X+SF8+PF9+LLB+OSF+GMN,25105704,NA,1.0
PNC-28AF-076G04,NPC,C20150708_NPC_T2_cmpds_P-0020_G04_DIA_acq_01.raw,2,P-0020,G4,C1=CC(=C(C(=C1C(=O)C2=CC(=C(C(=C2)O)O)O)O)O)O,LSM-37157,15,1,10,uM,BRD-K65716359,Exifone,3,h,trt_cp,DMSO,L2X+SF8+PF9+LLB+OSF+GMN,40399,NA,10.0
PNC-28AF-079G07,NPC,C20150708_NPC_T2_cmpds_P-0020_G07_DIA_acq_01.raw,2,P-0020,G7,COC1=C(C=C(C=C1)C2=CC(=O)C3=C(C=C(C=C3O2)OC)O)C4=C(C=C(C5=C4OC(=CC5=O)C6=CC=C(C=C6)O)O)O,LSM-42758,23,1,5,uM,BRD-K92123432,Ginkgetin,3,h,trt_cp,DMSO,L2X+SF8+PF9+LLB+OSF+GMN,5271805,NA,10.0
PNC-28AF-085H01,NPC,C20150708_NPC_T2_cmpds_P-0020_H01_DIA_acq_01.raw,1,P-0020,H1,C[C@@H]1C[C@@H]([C@@H]2[C@H](C[C@H]([C@@](O2)(C(=O)C(=O)N3CCCC[C@H]3C(=O)O[C@@H]([C@@H]([C@H](CC(=O)[C@@H](C=C(C1)C)CC=C)O)C)C(=C[C@@H]4CC[C@H]([C@@H](C4)OC)O)C)O)C)OC)OC,LSM-3557,8,1,10,uM,BRD-K69608737,tacrolimus,3,h,trt_cp,DMSO,L2X+SF8+PF9+LLB+OSF+GMN,439492,NA,10.0
PNC-28AF-094H10,NPC,C20150708_NPC_T2_cmpds_P-0020_H10_DIA_acq_01.raw,2,P-0020,H10,CC1=CN=C(N1)C2=CN=C(N=C2C3=C(C=C(C=C3)Cl)Cl)NCCNC4=NC=C(C=C4)C#N,LSM-1181,32,1,2,uM,BRD-K16189898,CHIR99021,3,h,trt_cp,DMSO,L2X+SF8+PF9+LLB+OSF+GMN,9956119,NA,1.0
PA5-11373-004A04,A375,C20150818_A375_T2_cmpds_P-0022_A04_acq_01.raw,1,P-0022,A4,CC1=C(C(CCC1)(C)C)/C=C/C(=C/C=C/C(=C/C(=O)O)/C)/C,LSM-2135,9,1,3,uM,BRD-K64634304,Tretinoin,3,h,trt_cp,DMSO,L2X+SF8+PF9+LLB+OSF+RMN,444795,NA,1.0
PA5-11373-007A07,A375,C20150818_A375_T2_cmpds_P-0022_A07_acq_02.raw,1,P-0022,A7,CN([C@@H](CC1=CC=C(C=C1)OS(=O)(=O)C2=CC=CC3=C2C=CN=C3)C(=O)N4CCN(CC4)C5=CC=CC=C5)S(=O)(=O)C6=CC=CC7=C6C=CN=C7,LSM-42755,17,1,10,uM,BRD-A81177136,KN-62,3,h,trt_cp,DMSO,L2X+SF8+PF9+LLB+OSF+RMN,5312126,NA,10.0
PA5-11373-010A10,A375,C20150818_A375_T2_cmpds_P-0022_A10_acq_01.raw,1,P-0022,A10,C1COCCN1C2=CC=C(C=C2)NC3=NC=CC(=N3)C4=CC=C(C=C4)C(=O)NCC#N,LSM-1141,25,1,1,uM,BRD-K87737963,Momelotinib,3,h,trt_cp,DMSO,L2X+SF8+PF9+LLB+OSF+RMN,25062766,NA,1.0
PA5-11373-013B01,A375,C20150818_A375_T2_cmpds_P-0022_B01_acq_01.raw,1,P-0022,B1,C[C@@H]1OC[C@@H]2[C@@H](O1)[C@@H]([C@H]([C@@H](O2)O[C@H]3[C@H]4COC(=O)[C@@H]4[C@@H](C5=CC6=C(C=C35)OCO6)C7=CC(=C(C(=C7)OC)O)OC)O)O,LSM-6348,2,1,5,uM,BRD-K37798499,Etoposide,3,h,trt_cp,DMSO,L2X+SF8+PF9+LLB+OSF+RMN,36462,NA,10.0
PA5-11373-016B04,A375,C20150818_A375_T2_cmpds_P-0022_B04_acq_01.raw,1,P-0022,B4,COC1=C(C=CC(=C1)/C=C/C(=O)CC(=O)/C=C/C2=CC(=C(C=C2)O)OC)O,LSM-4521,10,1,1,uM,BRD-K74148702,Curcumin,3,h,trt_cp,DMSO,L2X+SF8+PF9+LLB+OSF+RMN,969516,NA,1.0
PA5-11373-019B07,A375,C20150818_A375_T2_cmpds_P-0022_B07_acq_01.raw,1,P-0022,B7,CC(C)C[C@@H](C(=O)NC(CC(C)C)C(=O)NC(CCSC)C=O)NC(=O)C,LSM-42756,18,1,5,uM,BRD-A72575012,Calpain Inhibitor II,3,h,trt_cp,DMSO,L2X+SF8+PF9+LLB+OSF+RMN,16218939,NA,10.0
PA5-11373-022B10,A375,C20150818_A375_T2_cmpds_P-0022_B10_acq_01.raw,1,P-0022,B10,C1(=C(C2=NNN=C2C(=C1Br)Br)Br)Br,LSM-4192,26,1,25,uM,BRD-K97118047,TBB,3,h,trt_cp,DMSO,L2X+SF8+PF9+LLB+OSF+RMN,1694,NA,10.0
PA5-11373-025C01,A375,C20150818_A375_T2_cmpds_P-0022_C01_acq_01.raw,1,P-0022,C1,C1COCCN1C2=CC(=O)C=C(O2)C3=C4C(=CC=C3)SC5=CC=CC=C5S4,LSM-1074,3,1,10,uM,BRD-K25311561,KU-55933,3,h,trt_cp,DMSO,L2X+SF8+PF9+LLB+OSF+RMN,5278396,NA,10.0
PA5-11373-028C04,A375,C20150818_A375_T2_cmpds_P-0022_C04_acq_01.raw,1,P-0022,C4,C[C@@H](C(=O)N[C@H]1C2=CC=CC=C2CCN(C1=O)C)NC(=O)[C@H](C(C)C)O,LSM-42753,11,1,10,uM,BRD-K65592642,Semagacestat,3,h,trt_cp,DMSO,L2X+SF8+PF9+LLB+OSF+RMN,9843750,NA,10.0
PA5-11373-031C07,A375,C20150818_A375_T2_cmpds_P-0022_C07_acq_01.raw,1,P-0022,C7,CC1=C(C=C(C(=C1)C2=CC=C(O2)/C=C\3/C(=NN(C3=O)C4=CC=C(C=C4)C(=O)O)C)[N+](=O)[O-])C,LSM-6264,19,1,25,uM,BRD-K68548958,C646 (CHEMBL1797936),3,h,trt_cp,DMSO,L2X+SF8+PF9+LLB+OSF+RMN,1285941,NA,10.0
PA5-11373-034C10,A375,C20150818_A375_T2_cmpds_P-0022_C10_acq_01.raw,1,P-0022,C10,CC[C@H](CO)NC1=NC2=C(C(=N1)NCC3=CC=CC=C3)N=CN2C(C)C,LSM-1001,27,1,10,uM,BRD-K07691486,Roscovitine,3,h,trt_cp,DMSO,L2X+SF8+PF9+LLB+OSF+RMN,160355,NA,10.0
PA5-11373-037D01,A375,C20150818_A375_T2_cmpds_P-0022_D01_acq_01.raw,1,P-0022,D1,C1=CC=C2C(=C1)C3=NC4=NON=C4N=C3C2=O,LSM-42773,4,1,10,uM,BRD-K92960067,SMER-3,3,h,trt_cp,DMSO,L2X+SF8+PF9+LLB+OSF+RMN,568763,NA,10.0
PA5-11373-040D04,A375,C20150818_A375_T2_cmpds_P-0022_D04_acq_01.raw,1,P-0022,D4,C[C@@H]1C[C@H]2[C@@H]3CCC4=CC(=O)C=C[C@@]4([C@]3([C@H](C[C@@]2([C@]1(C(=O)CO)O)C)O)F)C,LSM-5512,12,1,10,uM,BRD-A35108200,Dexamethasone,3,h,trt_cp,DMSO,L2X+SF8+PF9+LLB+OSF+RMN,5743,NA,10.0
PA5-11373-044D08,A375,C20150818_A375_T2_cmpds_P-0022_D08_acq_01.raw,1,P-0022,D8,C[C@@H](C(=O)N[C@@H]1C(=O)N(C2=CC=CC=C2C(=N1)C3=CC=CC=C3)C)NC(=O)CC4=CC(=CC(=C4)F)F,LSM-42757,20,2,0.1,uM,BRD-A55453956,Compound E,3,h,trt_cp,DMSO,L2X+SF8+PF9+LLB+OSF+RMN,11306390,NA,0.1
PA5-11373-046D10,A375,C20150818_A375_T2_cmpds_P-0022_D10_acq_01.raw,1,P-0022,D10,COC1=C(C=C(C=C1)C2CC(=O)NC2)OC3CCCC3,LSM-1471,28,1,1,uM,BRD-A34255068,Rolipram,3,h,trt_cp,DMSO,L2X+SF8+PF9+LLB+OSF+RMN,5092,NA,1.0
PA5-11373-049E01,A375,C20150818_A375_T2_cmpds_P-0022_E01_acq_01.raw,1,P-0022,E1,C1CCC(C1)[C@@H](CC#N)N2C=C(C=N2)C3=C4C=CNC4=NC=N3,LSM-1139,5,1,0.5,uM,BRD-K53972329,Ruxolitinib,3,h,trt_cp,DMSO,L2X+SF8+PF9+LLB+OSF+RMN,25126798,NA,1.0
PA5-11373-052E04,A375,C20150818_A375_T2_cmpds_P-0022_E04_acq_01.raw,1,P-0022,E4,C1CC1C(=O)N2CCN(CC2)C(=O)C3=C(C=CC(=C3)CC4=NNC(=O)C5=CC=CC=C54)F,LSM-1145,13,1,1.5,uM,BRD-K02113016,Olaparib,3,h,trt_cp,DMSO,L2X+SF8+PF9+LLB+OSF+RMN,23725625,NA,1.0
PA5-11373-055E07,A375,C20150818_A375_T2_cmpds_P-0022_E07_acq_01.raw,1,P-0022,E7,CN(C/C=C/C1=CC=C(C=C1)Cl)CC2=CC=CC=C2N(CCO)S(=O)(=O)C3=CC=C(C=C3)OC,LSM-1217,21,1,0.1,uM,BRD-K93480852,KN-93,3,h,trt_cp,DMSO,L2X+SF8+PF9+LLB+OSF+RMN,5312122,NA,0.1
PA5-11373-058E10,A375,C20150818_A375_T2_cmpds_P-0022_E10_acq_01.raw,1,P-0022,E10,C1=CC=C(C=C1)/C=C/CN2C=C(C=N2)/C=C/C(=O)NC3=C(C=C(C=C3)F)N,LSM-42760,29,1,3.5,uM,BRD-K61688984,RGFP966,3,h,trt_cp,DMSO,L2X+SF8+PF9+LLB+OSF+RMN,56650312,NA,10.0
PA5-11373-061F01,A375,C20150818_A375_T2_cmpds_P-0022_F01_acq_01.raw,1,P-0022,F1,C1=CC(=C(C=C1[N+](=O)[O-])Cl)NC(=O)C2=C(C=CC(=C2)Cl)O,LSM-2787,6,1,3,uM,BRD-K35960502,Niclosamide,3,h,trt_cp,DMSO,L2X+SF8+PF9+LLB+OSF+RMN,4477,NA,1.0
PA5-11373-064F04,A375,C20150818_A375_T2_cmpds_P-0022_F04_acq_01.raw,1,P-0022,F4,C[C@H]1C/C(=C/C=C/[C@@H]([C@H](OC(=O)/C(=C/C(=C/[C@H]([C@H]1O)C)/C)/OC)[C@@H](C)[C@H]([C@H](C)[C@]2(C[C@H]([C@@H]([C@H](O2)C(C)C)C)O)O)O)OC)/C,LSM-42754,14,1,0.05,uM,BRD-K86787118,Bafilomycin A1,3,h,trt_cp,DMSO,L2X+SF8+PF9+LLB+OSF+RMN,6436223,NA,0.1
PA5-11373-067F07,A375,C20150818_A375_T2_cmpds_P-0022_F07_acq_01.raw,1,P-0022,F7,C1=CC(=C(C=C1C2=C(C(=O)C3=C(O2)C(=C(C=C3O)O)O)O)O)O,LSM-36971,22,1,10,uM,BRD-K06692906,Gossypetin,3,h,trt_cp,DMSO,L2X+SF8+PF9+LLB+OSF+RMN,5280647,NA,10.0
PA5-11373-070F10,A375,C20150818_A375_T2_cmpds_P-0022_F10_acq_01.raw,1,P-0022,F10,CN1CCN(CC1)C2=NC3=CC=CC=C3C(=N2)C4=C(C(=O)NC4=O)C5=CNC6=CC=CC=C65,LSM-42761,30,1,10,uM,BRD-K16761703,Sotrastaurin,3,h,trt_cp,DMSO,L2X+SF8+PF9+LLB+OSF+RMN,10296883,NA,10.0
PA5-11373-073G01,A375,C20150818_A375_T2_cmpds_P-0022_G01_acq_01.raw,1,P-0022,G1,C1CN(CCC1N2C3=CC=CC=C3NC2=O)CCNC(=O)C4=CC5=CC=CC=C5C=C4,LSM-42752,7,1,1,uM,BRD-K31406481,VU0155056,3,h,trt_cp,DMSO,L2X+SF8+PF9+LLB+OSF+RMN,25105704,NA,1.0
PA5-11373-076G04,A375,C20150818_A375_T2_cmpds_P-0022_G04_acq_01.raw,1,P-0022,G4,C1=CC(=C(C(=C1C(=O)C2=CC(=C(C(=C2)O)O)O)O)O)O,LSM-37157,15,1,10,uM,BRD-K65716359,Exifone,3,h,trt_cp,DMSO,L2X+SF8+PF9+LLB+OSF+RMN,40399,NA,10.0
PA5-11373-079G07,A375,C20150818_A375_T2_cmpds_P-0022_G07_acq_01.raw,1,P-0022,G7,COC1=C(C=C(C=C1)C2=CC(=O)C3=C(C=C(C=C3O2)OC)O)C4=C(C=C(C5=C4OC(=CC5=O)C6=CC=C(C=C6)O)O)O,LSM-42758,23,1,5,uM,BRD-K92123432,Ginkgetin,3,h,trt_cp,DMSO,L2X+SF8+PF9+LLB+OSF+RMN,5271805,NA,10.0
PA5-11373-082G10,A375,C20150818_A375_T2_cmpds_P-0022_G10_acq_01.raw,1,P-0022,G10,C[C@@]12[C@@H]([C@@H](C[C@@H](O1)N3C4=CC=CC=C4C5=C6C(=C7C8=CC=CC=C8N2C7=C53)CNC6=O)NC)OC,LSM-1103,31,1,1,uM,BRD-K17953061,Staurosporine,3,h,trt_cp,DMSO,L2X+SF8+PF9+LLB+OSF+RMN,44259,NA,1.0
PA5-11373-085H01,A375,C20150818_A375_T2_cmpds_P-0022_H01_acq_01.raw,1,P-0022,H1,C[C@@H]1C[C@@H]([C@@H]2[C@H](C[C@H]([C@@](O2)(C(=O)C(=O)N3CCCC[C@H]3C(=O)O[C@@H]([C@@H]([C@H](CC(=O)[C@@H](/C=C(/C1)\C)CC=C)O)C)/C(=C/[C@@H]4CC[C@H]([C@@H](C4)OC)O)/C)O)C)OC)OC,LSM-3557,8,1,10,uM,BRD-K69608737,Tacrolimus,3,h,trt_cp,DMSO,L2X+SF8+PF9+LLB+OSF+RMN,445643,NA,10.0
PA5-11373-094H10,A375,C20150818_A375_T2_cmpds_P-0022_H10_acq_01.raw,1,P-0022,H10,CC1=CN=C(N1)C2=CN=C(N=C2C3=C(C=C(C=C3)Cl)Cl)NCCNC4=NC=C(C=C4)C#N,LSM-1181,32,1,2,uM,BRD-K16189898,CHIR99021,3,h,trt_cp,DMSO,L2X+SF8+PF9+LLB+OSF+RMN,9956119,NA,1.0
P-M7-D00002,MCF7,MCF7-Rep1-02_carmustine_01,NA,P100_0001,B01,NA,NA,2,1,100,um,BRD-K36234266,NA,6,h,trt_cp,DMSO,L2X+RMN+SF8+PF9+LLB+OSF+RMN,NA,carmustine,100.0
P-M7-D00003,MCF7,MCF7-Rep1-03_chlortetracycline_01,NA,P100_0001,C01,NA,NA,3,1,7.8,um,BRD-A39210489,NA,6,h,trt_cp,DMSO,L2X+RMN+SF8+PF9+LLB+OSF+RMN,NA,chlortetracycline,10.0
P-M7-D00004,MCF7,MCF7-Rep1-04_daunorubicin_01,NA,P100_0001,D01,NA,NA,4,1,7,um,BRD-K43389675,NA,6,h,trt_cp,DMSO,L2X+RMN+SF8+PF9+LLB+OSF+RMN,NA,daunorubicin,10.0
P-M7-D00005,MCF7,MCF7-Rep1-05_digitoxigenin_01,NA,P100_0001,E01,NA,NA,5,1,10.6,um,BRD-K18518344,NA,6,h,trt_cp,DMSO,L2X+RMN+SF8+PF9+LLB+OSF+RMN,NA,digitoxigenin,10.0
P-M7-D00006,MCF7,MCF7-Rep1-06_digoxigenin_01,NA,P100_0001,F01,NA,NA,6,1,10.2,um,BRD-K18619710,NA,6,h,trt_cp,DMSO,L2X+RMN+SF8+PF9+LLB+OSF+RMN,NA,digoxigenin,10.0
P-M7-D00007,MCF7,MCF7-Rep1-07_digoxin_01,NA,P100_0001,G01,NA,NA,7,1,5.2,um,BRD-K23478508,NA,6,h,trt_cp,DMSO,L2X+RMN+SF8+PF9+LLB+OSF+RMN,NA,digoxin,10.0
P-M7-D00008,MCF7,MCF7-Rep1-08_doxorubicin_01,NA,P100_0001,H01,NA,NA,8,1,6.8,um,BRD-K92093830,NA,6,h,trt_cp,DMSO,L2X+RMN+SF8+PF9+LLB+OSF+RMN,NA,doxorubicin,10.0
P-M7-D00009,MCF7,MCF7-Rep1-09_fulvestrant_01,NA,P100_0001,A04,NA,NA,9,1,1,um,BRD-A90490067,NA,6,h,trt_cp,DMSO,L2X+RMN+SF8+PF9+LLB+OSF+RMN,NA,fulvestrant,1.0
P-M7-D00010,MCF7,MCF7-Rep1-10_GW-8510_01,NA,P100_0001,B04,NA,NA,10,1,10,um,BRD-K49519136,NA,6,h,trt_cp,DMSO,L2X+RMN+SF8+PF9+LLB+OSF+RMN,NA,GW8510,10.0
P-M7-D00011,MCF7,MCF7-Rep1-11_H-7_01,NA,P100_0001,C04,NA,NA,11,1,100,um,BRD-A55756846,NA,6,h,trt_cp,DMSO,L2X+RMN+SF8+PF9+LLB+OSF+RMN,NA,H7,100.0
P-M7-D00012,MCF7,MCF7-Rep1-12_irinotecan_01,NA,P100_0001,D04,NA,NA,12,1,100,um,BRD-K08547377,NA,6,h,trt_cp,DMSO,L2X+RMN+SF8+PF9+LLB+OSF+RMN,NA,irinotecan,100.0
P-M7-D00013,MCF7,MCF7-Rep1-13_lanatosideC_01,NA,P100_0001,E04,NA,NA,13,1,4,um,BRD-K36760124,NA,6,h,trt_cp,DMSO,L2X+RMN+SF8+PF9+LLB+OSF+RMN,NA,lanatosideC,10.0
P-M7-D00014,MCF7,MCF7-Rep1-14_mesalazine_01,NA,P100_0001,F04,NA,NA,14,1,26.2,um,BRD-K28849549,NA,6,h,trt_cp,DMSO,L2X+RMN+SF8+PF9+LLB+OSF+RMN,NA,mesalazine,10.0
P-M7-D00015,MCF7,MCF7-Rep1-15_scriptaid_01,NA,P100_0001,G04,NA,NA,15,1,10,um,BRD-K22503835,NA,6,h,trt_cp,DMSO,L2X+RMN+SF8+PF9+LLB+OSF+RMN,NA,scriptaid,10.0
P-M7-D00016,MCF7,MCF7-Rep1-16_DMSO_01,NA,P100_0001,H04,NA,NA,16,1,0.10,%,DMSO,NA,6,h,trt_cp,DMSO,L2X+RMN+SF8+PF9+LLB+OSF+RMN,NA,DMSO,0.1
P-M7-D00017,MCF7,MCF7-Rep2-01_anisomycin_01,NA,P100_0001,A02,NA,NA,1,2,15,um,BRD-K82261406,NA,6,h,trt_cp,DMSO,L2X+RMN+SF8+PF9+LLB+OSF+RMN,NA,anisomycin,10.0
P-P3-D00001,PC3,PC3-Rep1-01_anisomycin_01,NA,P100_0001,A07,NA,NA,1,1,15,um,BRD-K82261406,NA,6,h,trt_cp,DMSO,L2X+RMN+SF8+PF9+LLB+OSF+RMN,NA,anisomycin,10.0
P-P3-D00002,PC3,PC3-Rep1-02_carmustine_01,NA,P100_0001,B07,NA,NA,2,1,100,um,BRD-K36234266,NA,6,h,trt_cp,DMSO,L2X+RMN+SF8+PF9+LLB+OSF+RMN,NA,carmustine,100.0
P-P3-D00003,PC3,PC3-Rep1-03_chlortetracycline_01,NA,P100_0001,C07,NA,NA,3,1,7.8,um,BRD-A39210489,NA,6,h,trt_cp,DMSO,L2X+RMN+SF8+PF9+LLB+OSF+RMN,NA,chlortetracycline,10.0
P-P3-D00004,PC3,PC3-Rep1-04_daunorubicin_01,NA,P100_0001,D07,NA,NA,4,1,7,um,BRD-K43389675,NA,6,h,trt_cp,DMSO,L2X+RMN+SF8+PF9+LLB+OSF+RMN,NA,daunorubicin,10.0
P-P3-D00005,PC3,PC3-Rep1-05_digitoxigenin_01,NA,P100_0001,E07,NA,NA,5,1,10.6,um,BRD-K18518344,NA,6,h,trt_cp,DMSO,L2X+RMN+SF8+PF9+LLB+OSF+RMN,NA,digitoxigenin,10.0
P-P3-D00006,PC3,PC3-Rep1-06_digoxigenin_01,NA,P100_0001,F07,NA,NA,6,1,10.2,um,BRD-K18619710,NA,6,h,trt_cp,DMSO,L2X+RMN+SF8+PF9+LLB+OSF+RMN,NA,digoxigenin,10.0
P-P3-D00007,PC3,PC3-Rep1-07_digoxin_01,NA,P100_0001,G07,NA,NA,7,1,5.2,um,BRD-K23478508,NA,6,h,trt_cp,DMSO,L2X+RMN+SF8+PF9+LLB+OSF+RMN,NA,digoxin,10.0
P-P3-D00008,PC3,PC3-Rep1-08_doxorubicin_01,NA,P100_0001,H07,NA,NA,8,1,6.8,um,BRD-K92093830,NA,6,h,trt_cp,DMSO,L2X+RMN+SF8+PF9+LLB+OSF+RMN,NA,doxorubicin,10.0
P-P3-D00009,PC3,PC3-Rep1-09_fulvestrant_01,NA,P100_0001,A10,NA,NA,9,1,1,um,BRD-A90490067,NA,6,h,trt_cp,DMSO,L2X+RMN+SF8+PF9+LLB+OSF+RMN,NA,fulvestrant,1.0
P-P3-D00010,PC3,PC3-Rep1-10_GW-8510_01,NA,P100_0001,B10,NA,NA,10,1,10,um,BRD-K49519136,NA,6,h,trt_cp,DMSO,L2X+RMN+SF8+PF9+LLB+OSF+RMN,NA,GW8510,10.0
P-P3-D00011,PC3,PC3-Rep1-11_H-7_01,NA,P100_0001,C10,NA,NA,11,1,100,um,BRD-A55756846,NA,6,h,trt_cp,DMSO,L2X+RMN+SF8+PF9+LLB+OSF+RMN,NA,H7,100.0
P-P3-D00012,PC3,PC3-Rep1-12_irinotecan_01,NA,P100_0001,D10,NA,NA,12,1,100,um,BRD-K08547377,NA,6,h,trt_cp,DMSO,L2X+RMN+SF8+PF9+LLB+OSF+RMN,NA,irinotecan,100.0
P-P3-D00013,PC3,PC3-Rep1-13_lanatosideC_01,NA,P100_0001,E10,NA,NA,13,1,4,um,BRD-K36760124,NA,6,h,trt_cp,DMSO,L2X+RMN+SF8+PF9+LLB+OSF+RMN,NA,lanatosideC,10.0
P-P3-D00014,PC3,PC3-Rep1-14_mesalazine_01,NA,P100_0001,F10,NA,NA,14,1,26.2,um,BRD-K28849549,NA,6,h,trt_cp,DMSO,L2X+RMN+SF8+PF9+LLB+OSF+RMN,NA,mesalazine,10.0
P-P3-D00015,PC3,PC3-Rep1-15_scriptaid_01,NA,P100_0001,G10,NA,NA,15,1,10,um,BRD-K22503835,NA,6,h,trt_cp,DMSO,L2X+RMN+SF8+PF9+LLB+OSF+RMN,NA,scriptaid,10.0
P-P3-D00016,PC3,PC3-Rep1-16_DMSO_01,NA,P100_0001,H10,NA,NA,16,1,0.10,%,DMSO,NA,6,h,trt_cp,DMSO,L2X+RMN+SF8+PF9+LLB+OSF+RMN,NA,DMSO,0.1
P-H0-D00002,HL60,HL60-Rep1-02_carmustine_01,NA,P100_0002,B01,NA,NA,2,1,100,um,BRD-K36234266,NA,6,h,trt_cp,DMSO,L2X+RMN+SF8+PF9+LLB+OSF+RMN,NA,carmustine,100.0
P-H0-D00003,HL60,HL60-Rep1-03_chlortetracycline_01,NA,P100_0002,C01,NA,NA,3,1,7.8,um,BRD-A39210489,NA,6,h,trt_cp,DMSO,L2X+RMN+SF8+PF9+LLB+OSF+RMN,NA,chlortetracycline,10.0
P-H0-D00004,HL60,HL60-Rep1-04_daunorubicin_01,NA,P100_0002,D01,NA,NA,4,1,7,um,BRD-K43389675,NA,6,h,trt_cp,DMSO,L2X+RMN+SF8+PF9+LLB+OSF+RMN,NA,daunorubicin,10.0
P-H0-D00005,HL60,HL60-Rep1-05_digitoxigenin_01,NA,P100_0002,E01,NA,NA,5,1,10.6,um,BRD-K18518344,NA,6,h,trt_cp,DMSO,L2X+RMN+SF8+PF9+LLB+OSF+RMN,NA,digitoxigenin,10.0
P-H0-D00006,HL60,HL60-Rep1-06_digoxigenin_01,NA,P100_0002,F01,NA,NA,6,1,10.2,um,BRD-K18619710,NA,6,h,trt_cp,DMSO,L2X+RMN+SF8+PF9+LLB+OSF+RMN,NA,digoxigenin,10.0
P-H0-D00007,HL60,HL60-Rep1-07_digoxin_01,NA,P100_0002,G01,NA,NA,7,1,5.2,um,BRD-K23478508,NA,6,h,trt_cp,DMSO,L2X+RMN+SF8+PF9+LLB+OSF+RMN,NA,digoxin,10.0
P-H0-D00008,HL60,HL60-Rep1-08_doxorubicin_01,NA,P100_0002,H01,NA,NA,8,1,6.8,um,BRD-K92093830,NA,6,h,trt_cp,DMSO,L2X+RMN+SF8+PF9+LLB+OSF+RMN,NA,doxorubicin,10.0
P-H0-D00009,HL60,HL60-Rep1-09_fulvestrant_01,NA,P100_0002,A04,NA,NA,9,1,1,um,BRD-A90490067,NA,6,h,trt_cp,DMSO,L2X+RMN+SF8+PF9+LLB+OSF+RMN,NA,fulvestrant,1.0
P-H0-D00010,HL60,HL60-Rep1-10_GW-8510_01,NA,P100_0002,B04,NA,NA,10,1,10,um,BRD-K49519136,NA,6,h,trt_cp,DMSO,L2X+RMN+SF8+PF9+LLB+OSF+RMN,NA,GW8510,10.0
P-H0-D00011,HL60,HL60-Rep1-11_H-7_01,NA,P100_0002,C04,NA,NA,11,1,100,um,BRD-A55756846,NA,6,h,trt_cp,DMSO,L2X+RMN+SF8+PF9+LLB+OSF+RMN,NA,H7,100.0
P-H0-D00012,HL60,HL60-Rep1-12_irinotecan_01,NA,P100_0002,D04,NA,NA,12,1,100,um,BRD-K08547377,NA,6,h,trt_cp,DMSO,L2X+RMN+SF8+PF9+LLB+OSF+RMN,NA,irinotecan,100.0
P-H0-D00013,HL60,HL60-Rep1-13_lanatosideC_01,NA,P100_0002,E04,NA,NA,13,1,4,um,BRD-K36760124,NA,6,h,trt_cp,DMSO,L2X+RMN+SF8+PF9+LLB+OSF+RMN,NA,lanatosideC,10.0
P-H0-D00014,HL60,HL60-Rep1-14_mesalazine_01,NA,P100_0002,F04,NA,NA,14,1,26.2,um,BRD-K28849549,NA,6,h,trt_cp,DMSO,L2X+RMN+SF8+PF9+LLB+OSF+RMN,NA,mesalazine,10.0
P-H0-D00015,HL60,HL60-Rep1-15_scriptaid_01,NA,P100_0002,G04,NA,NA,15,1,10,um,BRD-K22503835,NA,6,h,trt_cp,DMSO,L2X+RMN+SF8+PF9+LLB+OSF+RMN,NA,scriptaid,10.0
P-H0-D00016,HL60,HL60-Rep1-16_DMSO_01,NA,P100_0002,H04,NA,NA,16,1,0.10,%,DMSO,NA,6,h,trt_cp,DMSO,L2X+RMN+SF8+PF9+LLB+OSF+RMN,NA,DMSO,0.1
P-H0-D00017,HL60,HL60-Rep2-01_anisomycin_01,NA,P100_0002,A02,NA,NA,1,2,15,um,BRD-K82261406,NA,6,h,trt_cp,DMSO,L2X+RMN+SF8+PF9+LLB+OSF+RMN,NA,anisomycin,10.0
